"manage","sh","/school","886","2016-07-25 00:00:00.000","false","true","true","true","false","true","o1"
"tree","h","/school/2016/cpp-project","510","2015-08-20 00:00:00.000","false","false","true","true","false","false","o2"
"tree","cpp","/school/2016/cpp-project","452","2015-09-20 00:00:00.000","false","false","true","true","false","true","o3"
"parser","h","/school/2016/cpp-project","476","2016-02-02 00:00:00.000","false","false","true","true","false","false","o4"
"parser","cpp","/school/2016/cpp-project","367","2015-09-30 00:00:00.000","false","false","true","true","false","false","o5"
"type","h","/school/2016/cpp-project","876","2015-01-22 00:00:00.000","false","false","true","true","false","false","o6"
"executor","h","/school/2016/cpp-project","441","2016-07-02 00:00:00.000","false","false","true","true","false","false","o7"
"executor","cpp","/school/2016/cpp-project","1491","2016-10-06 00:00:00.000","false","false","true","true","false","false","o8"
"Makefile","","/school/2016/cpp-project","342","2016-09-29 00:00:00.000","false","false","true","true","false","false","o9"
"main","cpp","/school/2016/cpp-project","539","2016-09-15 00:00:00.000","false","false","true","true","false","false","o10"
"run","sh","/school/2016/cpp-project","1192","2016-10-04 00:00:00.000","false","true","true","true","false","false","o11"
"requirement","docx","/school/2016/java-project/doc","1088","2016-03-26 00:00:00.000","false","false","true","true","false","true","o12"
"architect","docx","/school/2016/java-project/doc","324","2015-03-02 00:00:00.000","false","false","true","true","false","false","o13"
"design","docx","/school/2016/java-project/doc","314","2016-07-22 00:00:00.000","false","false","true","true","false","false","o14"
"Main","java","/school/2016/java-project/src/com/sissel","993","2015-05-04 00:00:00.000","false","false","true","true","false","false","o15"
"DataStub","java","/school/2016/java-project/src/com/sissel/data","911","2016-12-23 00:00:00.000","false","false","true","true","false","false","o16"
"HomeController","java","/school/2016/java-project/src/com/sissel/logic","1159","2016-10-29 00:00:00.000","false","false","true","true","false","false","o17"
"RoomController","java","/school/2016/java-project/src/com/sissel/logic","629","2015-07-09 00:00:00.000","false","false","true","true","false","false","o18"
"PreferenceController","java","/school/2016/java-project/src/com/sissel/logic","1113","2016-06-06 00:00:00.000","false","false","true","true","false","false","o19"
"GameController","java","/school/2016/java-project/src/com/sissel/logic","1615","2016-08-13 00:00:00.000","false","false","true","true","false","false","o20"
"HomePage","java","/school/2016/java-project/src/com/sissel/ui","1258","2015-05-24 00:00:00.000","false","false","true","true","false","false","o21"
"RoomPage","java","/school/2016/java-project/src/com/sissel/ui","1156","2016-12-24 00:00:00.000","false","false","true","true","false","false","o22"
"PreferencePage","java","/school/2016/java-project/src/com/sissel/ui","749","2015-03-01 00:00:00.000","false","false","true","true","false","false","o23"
"GamePage","java","/school/2016/java-project/src/com/sissel/ui","265","2015-12-03 00:00:00.000","false","false","true","true","false","false","o24"
"MyButton","java","/school/2016/java-project/src/com/sissel/ui/control","701","2015-01-15 00:00:00.000","false","false","true","true","false","false","o25"
"MyText","java","/school/2016/java-project/src/com/sissel/ui/control","1330","2016-11-04 00:00:00.000","false","false","true","true","false","false","o26"
"run","sh","/school/2016/java-project","776","2015-02-23 00:00:00.000","false","true","true","true","false","false","o27"
"chapter1","pdf","/school/2016/slides","87","2015-02-15 00:00:00.000","false","false","true","true","false","false","o28"
"chapter2","pdf","/school/2016/slides","1024","2016-03-07 00:00:00.000","false","false","true","true","false","false","o29"
"chapter3","pdf","/school/2016/slides","1042","2015-03-18 00:00:00.000","false","false","true","true","false","false","o30"
"chapter4","pdf","/school/2016/slides","1620","2016-10-19 00:00:00.000","false","false","true","true","false","false","o31"
"chapter5","pdf","/school/2016/slides","1347","2015-07-13 00:00:00.000","false","false","true","true","false","false","o32"
"chapter6","pdf","/school/2016/slides","1030","2016-11-22 00:00:00.000","false","false","true","true","false","false","o33"
"script","sh","/school/2017/linux/homework1","1092","2015-04-14 00:00:00.000","false","true","true","true","false","true","o34"
"script","sh","/school/2017/linux/homework2","825","2015-11-23 00:00:00.000","false","true","true","true","false","false","o35"
"script","sh","/school/2017/linux/homework3","1312","2015-05-21 00:00:00.000","false","true","true","true","false","false","o36"
"script","sh","/school/2017/linux/homework4","1566","2016-05-16 00:00:00.000","false","true","true","true","false","false","o37"
"download","sh","/tools","656","2015-11-04 00:00:00.000","false","true","true","true","false","false","o38"
"status","sh","/tools","807","2015-01-23 00:00:00.000","false","true","true","true","false","false","o39"
"script","sh","/downloads/Sam","804","2016-05-20 00:00:00.000","false","true","true","true","false","false","o40"
"script","sh","/downloads/Jerry","1612","2016-08-27 00:00:00.000","false","true","true","true","false","true","o41"
"See you tonight","mp4","/downloads","313","2015-11-24 00:00:00.000","false","false","true","true","false","false","o42"
"See you tonight","torrent","/downloads","1109","2016-12-23 00:00:00.000","false","false","true","true","false","false","o43"
"photo","jpg","/downloads/temp","1304","2015-05-17 00:00:00.000","false","false","true","true","false","false","o44"
