"report","pdf","/151250018","1244","2017-06-17 00:00:00.000","false","false","true","true","false","true","i1"
"call","c","/151250018/temp","1442","2016-09-02 00:00:00.000","false","false","true","true","false","true","i2"
"call","c","/151250018/src","1334","2017-04-27 00:00:00.000","false","false","true","true","false","true","i3"
"report","pdf","/151250038","1157","2017-04-10 00:00:00.000","false","false","true","true","false","true","i4"
"frameAllocator","h","/151250038/src","1322","2016-08-15 00:00:00.000","false","false","true","true","false","true","i5"
"math","h","/151250038/src","519","2016-07-03 00:00:00.000","false","false","true","true","false","false","i6"
"my_type","h","/151250038/src","1564","2017-07-06 00:00:00.000","false","false","true","true","false","false","i7"
"pager","h","/151250038/src","1042","2017-05-19 00:00:00.000","false","false","true","true","false","false","i8"
"pageTable","h","/151250038/src","373","2016-10-22 00:00:00.000","false","false","true","true","false","false","i9"
"call","c","/151250038/src","955","2016-07-06 00:00:00.000","false","false","true","true","false","false","i10"
"frameAllocator","c","/151250038/src","1253","2016-10-16 00:00:00.000","false","false","true","true","false","true","i11"
"my_type","c","/151250038/src","1117","2017-06-13 00:00:00.000","false","false","true","true","false","false","i12"
"pager","c","/151250038/src","901","2016-11-06 00:00:00.000","false","false","true","true","false","false","i13"
"pageTable","c","/151250038/src","1470","2016-09-22 00:00:00.000","false","false","true","true","false","false","i14"
"report","pdf","/151250048","710","2016-04-12 00:00:00.000","false","false","true","true","false","true","i15"
"page","h","/151250048/src","980","2016-10-26 00:00:00.000","false","false","true","true","false","true","i16"
"process","h","/151250048/src","1281","2016-07-29 00:00:00.000","false","false","true","true","false","false","i17"
"prop","h","/151250048/src","1374","2017-02-28 00:00:00.000","false","false","true","true","false","false","i18"
"call","c","/151250048/src","973","2016-08-06 00:00:00.000","false","false","true","true","false","false","i19"
"page","c","/151250048/src","646","2017-07-04 00:00:00.000","false","false","true","true","false","false","i20"
"process","c","/151250048/src","1006","2017-04-26 00:00:00.000","false","false","true","true","false","false","i21"
"report","pdf","/151250052","603","2016-11-20 00:00:00.000","false","false","true","true","false","false","i22"
"allocated","h","/151250052/src","1018","2017-01-06 00:00:00.000","false","false","true","true","false","false","i23"
"allocated","c","/151250052/src","656","2016-09-14 00:00:00.000","false","false","true","true","false","false","i24"
"call","c","/151250052/src","967","2017-07-05 00:00:00.000","false","false","true","true","false","false","i25"
"report","pdf","/151250054","820","2017-04-27 00:00:00.000","false","false","true","true","false","false","i26"
"memory","h","/151250054/src","379","2016-06-25 00:00:00.000","false","false","true","true","false","false","i27"
"page","h","/151250054/src","1566","2017-07-16 00:00:00.000","false","false","true","true","false","false","i28"
"call","c","/151250054/src","1035","2016-10-11 00:00:00.000","false","false","true","true","false","false","i29"
"memory","c","/151250054/src","653","2017-02-20 00:00:00.000","false","false","true","true","false","false","i30"
"page","c","/151250054/src","964","2017-07-29 00:00:00.000","false","false","true","true","false","false","i31"
