"test_141250018_cx_0","c","/voluntary_test","1461","2017-08-22 11:28:39.994","false","false","true","true","false","true","i1"
"test_141250018_cx_0","h","/voluntary_test","1368","2017-08-22 11:28:39.996","false","false","true","true","false","true","i2"
"test_151250091_ljm_1","c","/voluntary_test","1281","2017-08-22 11:28:39.996","false","false","true","true","false","false","i3"
"test_151250100_lyx_0","c","/voluntary_test","531","2017-08-22 11:28:39.996","false","false","true","true","false","false","i4"
"test_151250176_xkf_0","c","/voluntary_test","882","2017-08-22 11:28:39.996","false","false","true","true","false","false","i5"
"test_151250178_yym_0","c","/voluntary_test","1141","2017-08-22 11:28:39.996","false","false","true","true","false","false","i6"
"type","h","","1843","2017-08-22 11:28:39.996","false","false","true","true","false","true","i7"
"test_utils","h","","1525","2017-08-22 11:28:39.996","false","false","true","true","false","false","i8"
"test_utils","c","","1068","2017-08-22 11:28:39.996","false","false","true","true","false","false","i9"
"test_script","py","","943","2017-08-22 11:28:39.996","false","false","true","true","false","true","i10"
"test2","c","","1181","2017-08-22 11:28:39.996","false","false","true","true","false","false","i11"
"test","h","","181","2017-08-22 11:28:39.996","false","false","true","true","false","false","i12"
"test","c","","922","2017-08-22 11:28:39.996","false","false","true","true","false","false","i13"
"testcase","txt","/test","1025","2017-08-22 11:28:39.996","false","false","true","true","false","false","i14"
"utils","c","/test","1069","2017-08-22 11:28:39.996","false","false","true","true","false","true","i15"
"my_test","c","/test","1396","2017-08-22 11:28:39.997","false","false","true","true","false","false","i16"
"read_method","h","","347","2017-08-22 11:28:39.997","false","false","true","true","false","false","i17"
"read_method","c","","650","2017-08-22 11:28:39.997","false","false","true","true","false","false","i18"
"performance_test","h","","1078","2017-08-22 11:28:39.997","false","false","true","true","false","false","i19"
"performance_test","c","","971","2017-08-22 11:28:39.997","false","false","true","true","false","false","i20"
"page_table","h","","1460","2017-08-22 11:28:39.997","false","false","true","true","false","false","i21"
"page_table","c","","639","2017-08-22 11:28:39.997","false","false","true","true","false","false","i22"
"page_selector","h","","1541","2017-08-22 11:28:39.997","false","false","true","true","false","false","i23"
"page_selector","c","","812","2017-08-22 11:28:39.997","false","false","true","true","false","false","i24"
"main","c","","1619","2017-08-22 11:28:39.997","false","false","true","true","false","false","i25"
"dynamic_schedule","c","","512","2017-08-22 11:28:39.997","false","false","true","true","false","false","i26"
"md2pdf","sh","/doc","466","2017-08-22 11:28:39.997","false","false","true","true","false","false","i27"
"performance_benchmarks","md","/doc","777","2017-08-22 11:28:39.997","false","false","true","true","false","false","i28"
"experiment guide","md","/doc","692","2017-08-22 11:28:39.997","false","false","true","true","false","false","i29"
"experiment guide","pdf","/doc","721","2017-08-22 11:28:39.997","false","false","true","true","false","false","i30"
"test cases design","md","/doc","1347","2017-08-22 11:28:39.997","false","false","true","true","false","false","i31"
"memory management","","/doc","833","2017-08-22 11:28:39.997","false","false","true","true","false","false","i32"
"memory management","key","/doc","1019","2017-08-22 11:28:39.997","false","false","true","true","false","false","i33"
"test_results","xlsx","/doc","1001","2017-08-22 11:28:39.997","false","false","true","true","false","false","i34"
"const","h","","841","2017-08-22 11:28:39.997","false","false","true","true","false","false","i35"
"call","h","","1550","2017-08-22 11:28:39.997","false","false","true","true","false","false","i36"
"call","c","","822","2017-08-22 11:28:39.997","false","false","true","true","false","false","i37"
"bottom","h","","1210","2017-08-22 11:28:39.998","false","false","true","true","false","false","i38"
"bottom","c","","1808","2017-08-22 11:28:39.998","false","false","true","true","false","false","i39"
"approximateLRU","h","","832","2017-08-22 11:28:39.998","false","false","true","true","false","false","i40"
"approximateLRU","c","","541","2017-08-22 11:28:39.998","false","false","true","true","false","false","i41"
"address_translator","h","","811","2017-08-22 11:28:39.998","false","false","true","true","false","false","i42"
"address_translator","c","","576","2017-08-22 11:28:39.998","false","false","true","true","false","false","i43"
"ReadMe","txt","","1805","2017-08-22 11:28:39.998","false","false","true","true","false","false","i44"
"README","md","","1441","2017-08-22 11:28:39.998","false","false","true","true","false","false","i45"
"INT","h","","1308","2017-08-22 11:28:39.998","false","false","true","true","false","false","i46"
"INT","c","","1325","2017-08-22 11:28:39.998","false","false","true","true","false","false","i47"
"CMakeLists","txt","","224","2017-08-22 11:28:39.998","false","false","true","true","false","false","i48"
