"architect","txt","","1240","2016-10-07 00:00:00.000","false","false","true","true","false","true","i1"
"tool","sh","/module-ui/web","1741","2016-07-07 00:00:00.000","false","false","true","true","false","true","i2"
"design","docx","/module-ui/web","133","2016-08-30 00:00:00.000","false","false","true","true","false","true","i3"
"build","sh","/module-ui/web","987","2017-06-01 00:00:00.000","false","false","true","true","false","false","i4"
"home","jsp","/module-ui/web/src","1229","2016-06-01 00:00:00.000","false","false","true","true","false","true","i5"
"search","jsp","/module-ui/web/src","976","2017-03-22 00:00:00.000","false","false","true","true","false","false","i6"
"profile","jsp","/module-ui/web/src","880","2016-07-03 00:00:00.000","false","false","true","true","false","false","i7"
"hotel-profile","jsp","/module-ui/web/src","1344","2016-12-24 00:00:00.000","false","false","true","true","false","false","i8"
"reservation","jsp","/module-ui/web/src","485","2016-10-07 00:00:00.000","false","false","true","true","false","false","i9"
"build","sh","/module-ui/android","1110","2016-06-19 00:00:00.000","false","false","true","true","false","true","i10"
"help","sh","/module-ui/android/src","1046","2016-04-25 00:00:00.000","false","false","true","true","false","false","i11"
"MainActivity","java","/module-ui/android/src","533","2017-05-25 00:00:00.000","false","false","true","true","false","true","i12"
"SearchListActivity","java","/module-ui/android/src","1066","2017-02-04 00:00:00.000","false","false","true","true","false","false","i13"
"ProfileActivity","java","/module-ui/android/src","1357","2016-10-15 00:00:00.000","false","false","true","true","false","false","i14"
"HotelProfileActivity","java","/module-ui/android/src","1439","2017-01-10 00:00:00.000","false","false","true","true","false","false","i15"
"ReservationActivity","java","/module-ui/android/src","1008","2016-09-02 00:00:00.000","false","false","true","true","false","false","i16"
"sources","txt","/module-ui/android/resources","299","2016-07-25 00:00:00.000","false","false","true","true","false","true","i17"
"account","txt","/module-data","1312","2016-06-30 00:00:00.000","false","false","true","true","false","false","i18"
"er","txt","/module-data","860","2016-09-23 00:00:00.000","false","false","true","true","false","false","i19"
"backup","sh","/module-data","1426","2017-02-16 00:00:00.000","false","false","true","true","false","false","i20"
"DataService","h","/module-data/src","960","2016-10-16 00:00:00.000","false","false","true","true","false","false","i21"
"DataService","cpp","/module-data/src","738","2017-05-17 00:00:00.000","false","false","true","true","false","false","i22"
"SqlConnector","h","/module-data/src","175","2016-07-05 00:00:00.000","false","false","true","true","false","false","i23"
"SqlConnector","cpp","/module-data/src","667","2017-03-04 00:00:00.000","false","false","true","true","false","false","i24"
"business","txt","/module-business","750","2017-02-06 00:00:00.000","false","false","true","true","false","false","i25"
"make","sh","/module-business","840","2016-11-27 00:00:00.000","false","false","true","true","false","false","i26"
"test","sh","/module-business","1515","2017-05-16 00:00:00.000","false","false","true","true","false","false","i27"
"Controller","h","/module-business/src","296","2016-06-10 00:00:00.000","false","false","true","true","false","false","i28"
"UserController","cpp","/module-business/src","529","2017-07-19 00:00:00.000","false","false","true","true","false","false","i29"
"HotelController","cpp","/module-business/src","911","2017-03-01 00:00:00.000","false","false","true","true","false","false","i30"
"AdministratorController","cpp","/module-business/src","1687","2017-03-24 00:00:00.000","false","false","true","true","false","false","i31"
"DataAccessor","h","/module-business/src","41","2017-01-27 00:00:00.000","false","false","true","true","false","false","i32"
"DataAccessor","cpp","/module-business/src","1440","2016-08-17 00:00:00.000","false","false","true","true","false","false","i33"
"Util","h","/module-business/includes","822","2016-08-03 00:00:00.000","false","false","true","true","false","false","i34"
"DataService","h","/module-business/includes","1707","2016-11-29 00:00:00.000","false","false","true","true","false","false","i35"
"design","txt","/test/case1","1660","2016-04-25 00:00:00.000","false","false","true","true","false","false","i36"
"run","sh","/test/case1","1233","2016-03-03 00:00:00.000","false","false","true","true","false","false","i37"
"design","txt","/test/case2","580","2016-09-12 00:00:00.000","false","false","true","true","false","false","i38"
"run","sh","/test/case2","1785","2016-11-23 00:00:00.000","false","false","true","true","false","false","i39"
"design","txt","/test/case3","238","2016-09-09 00:00:00.000","false","false","true","true","false","false","i40"
"run","sh","/test/case3","631","2017-07-24 00:00:00.000","false","false","true","true","false","false","i41"
"design","txt","/test/case4","1194","2016-06-06 00:00:00.000","false","false","true","true","false","false","i42"
"run","sh","/test/case4","1142","2017-01-24 00:00:00.000","false","false","true","true","false","false","i43"
"design","txt","/test/case5","701","2016-10-17 00:00:00.000","false","false","true","true","false","false","i44"
"run","sh","/test/case5","841","2016-08-12 00:00:00.000","false","false","true","true","false","false","i45"
"design","txt","/test/case6","548","2017-05-25 00:00:00.000","false","false","true","true","false","false","i46"
"run","sh","/test/case6","383","2016-05-27 00:00:00.000","false","false","true","true","false","false","i47"
"design","txt","/test/case7","1184","2017-03-26 00:00:00.000","false","false","true","true","false","false","i48"
"run","sh","/test/case7","673","2016-05-25 00:00:00.000","false","false","true","true","false","false","i49"
