"architect","txt","","1240","2016-10-07 00:00:00.000","false","false","true","true","false","true","o1"
"tool","sh","/module-ui/web","1741","2016-07-07 00:00:00.000","false","false","true","true","false","true","o2"
"design","docx","/module-ui/web","133","2016-08-30 00:00:00.000","false","false","true","true","false","true","o3"
"build","sh","/module-ui/web","987","2017-06-01 00:00:00.000","false","false","true","true","false","false","o4"
"home","jsp","/module-ui/web/src","1229","2016-06-01 00:00:00.000","false","false","true","true","false","true","o5"
"search","jsp","/module-ui/web/src","976","2017-03-22 00:00:00.000","false","false","true","true","false","false","o6"
"profile","jsp","/module-ui/web/src","880","2016-07-03 00:00:00.000","false","false","true","true","false","false","o7"
"hotel-profile","jsp","/module-ui/web/src","1344","2016-12-24 00:00:00.000","false","false","true","true","false","false","o8"
"reservation","jsp","/module-ui/web/src","485","2016-10-07 00:00:00.000","false","false","true","true","false","false","o9"
"build","sh","/module-ui/android","1110","2016-06-19 00:00:00.000","false","false","true","true","false","true","o10"
"help","sh","/module-ui/android/src","1046","2016-04-25 00:00:00.000","false","false","true","true","false","false","o11"
"MainActivity","java","/module-ui/android/src","533","2017-05-25 00:00:00.000","false","false","true","true","false","true","o12"
"SearchListActivity","java","/module-ui/android/src","1066","2017-02-04 00:00:00.000","false","false","true","true","false","false","o13"
"ProfileActivity","java","/module-ui/android/src","1357","2016-10-15 00:00:00.000","false","false","true","true","false","false","o14"
"HotelProfileActivity","java","/module-ui/android/src","1439","2017-01-10 00:00:00.000","false","false","true","true","false","false","o15"
"ReservationActivity","java","/module-ui/android/src","1008","2016-09-02 00:00:00.000","false","false","true","true","false","false","o16"
"sources","txt","/module-ui/android/resources","299","2016-07-25 00:00:00.000","false","false","true","true","false","true","o17"
"account","txt","/module-data","1312","2016-06-30 00:00:00.000","false","false","true","true","false","false","o18"
"er","txt","/module-data","860","2016-09-23 00:00:00.000","false","false","true","true","false","false","o19"
"backup","sh","/module-data","1426","2017-02-16 00:00:00.000","false","false","true","true","false","false","o20"
"DataService","h","/module-data/src","960","2016-10-16 00:00:00.000","false","false","true","true","false","false","o21"
"DataService","cpp","/module-data/src","738","2017-05-17 00:00:00.000","false","false","true","true","false","false","o22"
"SqlConnector","h","/module-data/src","175","2016-07-05 00:00:00.000","false","false","true","true","false","false","o23"
"SqlConnector","cpp","/module-data/src","667","2017-03-04 00:00:00.000","false","false","true","true","false","false","o24"
"business","txt","/module-business","750","2017-02-06 00:00:00.000","false","false","true","true","false","false","o25"
"make","sh","/module-business","840","2016-11-27 00:00:00.000","false","false","true","true","false","false","o26"
"test","sh","/module-business","1515","2017-05-16 00:00:00.000","false","false","true","true","false","false","o27"
"Controller","h","/module-business/src","296","2016-06-10 00:00:00.000","false","false","true","true","false","false","o28"
"UserController","cpp","/module-business/src","529","2017-07-19 00:00:00.000","false","false","true","true","false","false","o29"
"HotelController","cpp","/module-business/src","911","2017-03-01 00:00:00.000","false","false","true","true","false","false","o30"
"AdministratorController","cpp","/module-business/src","1687","2017-03-24 00:00:00.000","false","false","true","true","false","false","o31"
"DataAccessor","h","/module-business/src","41","2017-01-27 00:00:00.000","false","false","true","true","false","false","o32"
"DataAccessor","cpp","/module-business/src","1440","2016-08-17 00:00:00.000","false","false","true","true","false","false","o33"
"Util","h","/module-business/includes","822","2016-08-03 00:00:00.000","false","false","true","true","false","false","o34"
"DataService","h","/module-business/includes","1707","2016-11-29 00:00:00.000","false","false","true","true","false","false","o35"
"design","txt","/test/case1","1660","2016-04-25 00:00:00.000","false","false","true","true","false","false","o36"
"run","sh","/test/case1","1233","2016-03-03 00:00:00.000","false","false","true","true","false","false","o37"
"design","txt","/test/case2","580","2016-09-12 00:00:00.000","false","false","true","true","false","false","o38"
"run","sh","/test/case2","1785","2016-11-23 00:00:00.000","false","false","true","true","false","false","o39"
"design","txt","/test/case3","238","2016-09-09 00:00:00.000","false","false","true","true","false","false","o40"
"run","sh","/test/case3","631","2017-07-24 00:00:00.000","false","false","true","true","false","false","o41"
"design","txt","/test/case4","1194","2016-06-06 00:00:00.000","false","false","true","true","false","false","o42"
"run","sh","/test/case4","1142","2017-01-24 00:00:00.000","false","false","true","true","false","false","o43"
"design","txt","/test/case5","701","2016-10-17 00:00:00.000","false","false","true","true","false","false","o44"
"run","sh","/test/case5","841","2016-08-12 00:00:00.000","false","false","true","true","false","false","o45"
"design","txt","/test/case6","548","2017-05-25 00:00:00.000","false","false","true","true","false","false","o46"
"run","sh","/test/case6","383","2016-05-27 00:00:00.000","false","false","true","true","false","false","o47"
"design","txt","/test/case7","1184","2017-03-26 00:00:00.000","false","false","true","true","false","false","o48"
"run","sh","/test/case7","673","2016-05-25 00:00:00.000","false","false","true","true","false","false","o49"
"account","txt","/temp/module-data","1312","2017-08-04 15:21:41.930","false","false","true","true","false","true","o51"
"design","txt","/temp/test/case3","238","2017-08-04 15:21:41.930","false","false","true","true","false","true","o52"
"design","txt","/temp/test/case1","1660","2017-08-04 15:21:41.930","false","false","true","true","false","true","o53"
"er","txt","/temp/module-data","860","2017-08-04 15:21:41.930","false","false","true","true","false","true","o54"
"design","txt","/temp/test/case6","548","2017-08-04 15:21:41.930","false","false","true","true","false","true","o55"
"architect","txt","/temp","1240","2017-08-04 15:21:41.930","false","false","true","true","false","true","o56"
"business","txt","/temp/module-business","750","2017-08-04 15:21:41.930","false","false","true","true","false","true","o57"
"design","txt","/temp/test/case4","1194","2017-08-04 15:21:41.930","false","false","true","true","false","true","o58"
"design","txt","/temp/test/case2","580","2017-08-04 15:21:41.930","false","false","true","true","false","true","o59"
"sources","txt","/temp/module-ui/android/resources","299","2017-08-04 15:21:41.930","false","false","true","true","false","true","o60"
"design","txt","/temp/test/case5","701","2017-08-04 15:21:41.930","false","false","true","true","false","true","o61"
"design","txt","/temp/test/case7","1184","2017-08-04 15:21:41.931","false","false","true","true","false","true","o62"
"backup","sh","/temp/module-data","1426","2017-08-04 15:21:41.931","false","false","true","true","false","true","o63"
"tool","sh","/temp/module-ui/web","1741","2017-08-04 15:21:41.931","false","false","true","true","false","true","o64"
"test","sh","/temp/module-business","1515","2017-08-04 15:21:41.931","false","false","true","true","false","true","o65"
"make","sh","/temp/module-business","840","2017-08-04 15:21:41.931","false","false","true","true","false","true","o66"
"help","sh","/temp/module-ui/android/src","1046","2017-08-04 15:21:41.931","false","false","true","true","false","true","o67"
"run","sh","/temp/test/case5","841","2017-08-04 15:21:41.931","false","false","true","true","false","true","o68"
"run","sh","/temp/test/case7","673","2017-08-04 15:21:41.932","false","false","true","true","false","true","o69"
"run","sh","/temp/test/case3","631","2017-08-04 15:21:41.931","false","false","true","true","false","true","o70"
"run","sh","/temp/test/case4","1142","2017-08-04 15:21:41.931","false","false","true","true","false","true","o71"
"run","sh","/temp/test/case6","383","2017-08-04 15:21:41.932","false","false","true","true","false","true","o72"
"build","sh","/temp/module-ui/web","987","2017-08-04 15:21:41.931","false","false","true","true","false","true","o73"
"run","sh","/temp/test/case1","1233","2017-08-04 15:21:41.931","false","false","true","true","false","true","o74"
"run","sh","/temp/test/case2","1785","2017-08-04 15:21:41.931","false","false","true","true","false","true","o75"
"build","sh","/temp/module-ui/android","1110","2017-08-04 15:21:41.931","false","false","true","true","false","true","o76"
