"IMG_201503150619","JPG","","387057","2015-03-15 06:19:00.000","false","false","true","true","false","true","i1"
"IMG_201503161305","JPG","","206464","2015-03-16 13:05:00.000","false","false","true","true","false","true","i2"
"IMG_201503171549","JPG","","357262","2015-03-17 15:49:00.000","false","false","true","true","false","false","i3"
"IMG_201503180832","JPG","","302429","2015-03-18 08:32:00.000","false","false","true","true","false","false","i4"
"IMG_201503192239","JPG","","312905","2015-03-19 22:39:00.000","false","false","true","true","false","false","i5"
"IMG_201503191033","JPG","","254778","2015-03-19 10:33:00.000","false","false","true","true","false","false","i6"
"IMG_201503200534","JPG","","279849","2015-03-20 05:34:00.000","false","false","true","true","false","false","i7"
"IMG_201503211756","JPG","","338723","2015-03-21 17:56:00.000","false","false","true","true","false","false","i8"
"IMG_201503221203","JPG","","304274","2015-03-22 12:03:00.000","false","false","true","true","false","false","i9"
"IMG_201503221311","JPG","","431789","2015-03-22 13:11:00.000","false","false","true","true","false","false","i10"
"IMG_201503231939","JPG","","349027","2015-03-23 19:39:00.000","false","false","true","true","false","false","i11"
"IMG_201503240028","JPG","","338905","2015-03-24 00:28:00.000","false","false","true","true","false","false","i12"
"IMG_201503240834","JPG","","287145","2015-03-24 08:34:00.000","false","false","true","true","false","false","i13"
"IMG_201503240140","JPG","","239091","2015-03-24 01:40:00.000","false","false","true","true","false","false","i14"
"IMG_201503250917","JPG","","429870","2015-03-25 09:17:00.000","false","false","true","true","false","false","i15"
"IMG_201503261839","JPG","","236206","2015-03-26 18:39:00.000","false","false","true","true","false","false","i16"
"IMG_201503281644","JPG","","415251","2015-03-28 16:44:00.000","false","false","true","true","false","false","i17"
"IMG_201503311132","JPG","","365127","2015-03-31 11:32:00.000","false","false","true","true","false","false","i18"
"IMG_201504040949","JPG","","291916","2015-04-04 09:49:00.000","false","false","true","true","false","false","i19"
"IMG_201504052152","JPG","","354835","2015-04-05 21:52:00.000","false","false","true","true","false","false","i20"
"IMG_201504060258","JPG","","295557","2015-04-06 02:58:00.000","false","false","true","true","false","false","i21"
"IMG_201504070540","JPG","","275931","2015-04-07 05:40:00.000","false","false","true","true","false","false","i22"
"IMG_201504092258","JPG","","377901","2015-04-09 22:58:00.000","false","false","true","true","false","false","i23"
"IMG_201504121008","JPG","","271078","2015-04-12 10:08:00.000","false","false","true","true","false","false","i24"
"IMG_201504121646","JPG","","289449","2015-04-12 16:46:00.000","false","false","true","true","false","false","i25"
"IMG_201504150540","JPG","","386435","2015-04-15 05:40:00.000","false","false","true","true","false","false","i26"
"IMG_201504161358","JPG","","286165","2015-04-16 13:58:00.000","false","false","true","true","false","false","i27"
"IMG_201504170218","JPG","","305600","2015-04-17 02:18:00.000","false","false","true","true","false","false","i28"
"IMG_201504180317","JPG","","346203","2015-04-18 03:17:00.000","false","false","true","true","false","false","i29"
"IMG_201504191639","JPG","","246593","2015-04-19 16:39:00.000","false","false","true","true","false","false","i30"
"IMG_201504191927","JPG","","271016","2015-04-19 19:27:00.000","false","false","true","true","false","false","i31"
"IMG_201504201036","JPG","","319341","2015-04-20 10:36:00.000","false","false","true","true","false","false","i32"
"IMG_201504211315","JPG","","346568","2015-04-21 13:15:00.000","false","false","true","true","false","false","i33"
"IMG_201504220000","JPG","","424489","2015-04-22 00:00:00.000","false","false","true","true","false","false","i34"
"IMG_201504232203","JPG","","203832","2015-04-23 22:03:00.000","false","false","true","true","false","false","i35"
"IMG_201504252025","JPG","","424597","2015-04-25 20:25:00.000","false","false","true","true","false","false","i36"
"IMG_201504281334","JPG","","294129","2015-04-28 13:34:00.000","false","false","true","true","false","false","i37"
"IMG_201504302045","JPG","","384911","2015-04-30 20:45:00.000","false","false","true","true","false","false","i38"
"IMG_201505011314","JPG","","423281","2015-05-01 13:14:00.000","false","false","true","true","false","false","i39"
"IMG_201505021351","JPG","","359168","2015-05-02 13:51:00.000","false","false","true","true","false","true","i40"
"IMG_201505030505","JPG","","288697","2015-05-03 05:05:00.000","false","false","true","true","false","false","i41"
"IMG_201505070640","JPG","","341943","2015-05-07 06:40:00.000","false","false","true","true","false","false","i42"
"IMG_201505102346","JPG","","285730","2015-05-10 23:46:00.000","false","false","true","true","false","false","i43"
"IMG_201505131406","JPG","","379872","2015-05-13 14:06:00.000","false","false","true","true","false","false","i44"
"IMG_201505142145","JPG","","306030","2015-05-14 21:45:00.000","false","false","true","true","false","false","i45"
"IMG_201505150200","JPG","","313047","2015-05-15 02:00:00.000","false","false","true","true","false","false","i46"
"IMG_201505161007","JPG","","275153","2015-05-16 10:07:00.000","false","false","true","true","false","false","i47"
"IMG_201505191343","JPG","","220013","2015-05-19 13:43:00.000","false","false","true","true","false","false","i48"
"IMG_201505221058","JPG","","383459","2015-05-22 10:58:00.000","false","false","true","true","false","false","i49"
"IMG_201505241019","JPG","","366728","2015-05-24 10:19:00.000","false","false","true","true","false","false","i50"
"IMG_201505241103","JPG","","358545","2015-05-24 11:03:00.000","false","false","true","true","false","false","i51"
"IMG_201505260028","JPG","","328793","2015-05-26 00:28:00.000","false","false","true","true","false","false","i52"
"IMG_201505260151","JPG","","275987","2015-05-26 01:51:00.000","false","false","true","true","false","false","i53"
"IMG_201505270256","JPG","","432872","2015-05-27 02:56:00.000","false","false","true","true","false","false","i54"
"IMG_201505280913","JPG","","430632","2015-05-28 09:13:00.000","false","false","true","true","false","false","i55"
"IMG_201505290453","JPG","","219733","2015-05-29 04:53:00.000","false","false","true","true","false","false","i56"
"IMG_201505300251","JPG","","323099","2015-05-30 02:51:00.000","false","false","true","true","false","false","i57"
"IMG_201506011508","JPG","","408035","2015-06-01 15:08:00.000","false","false","true","true","false","false","i58"
"IMG_201506021033","JPG","","389557","2015-06-02 10:33:00.000","false","false","true","true","false","false","i59"
"IMG_201506031235","JPG","","350648","2015-06-03 12:35:00.000","false","false","true","true","false","false","i60"
"IMG_201506032000","JPG","","344727","2015-06-03 20:00:00.000","false","false","true","true","false","false","i61"
"IMG_201506030403","JPG","","329334","2015-06-03 04:03:00.000","false","false","true","true","false","false","i62"
"IMG_201506062004","JPG","","259443","2015-06-06 20:04:00.000","false","false","true","true","false","false","i63"
"IMG_201506070059","JPG","","211890","2015-06-07 00:59:00.000","false","false","true","true","false","false","i64"
"IMG_201506092246","JPG","","267176","2015-06-09 22:46:00.000","false","false","true","true","false","false","i65"
"IMG_201506100532","JPG","","204422","2015-06-10 05:32:00.000","false","false","true","true","false","false","i66"
"IMG_201506111309","JPG","","356395","2015-06-11 13:09:00.000","false","false","true","true","false","false","i67"
"IMG_201506141659","JPG","","234664","2015-06-14 16:59:00.000","false","false","true","true","false","false","i68"
"IMG_201506152153","JPG","","384461","2015-06-15 21:53:00.000","false","false","true","true","false","false","i69"
"IMG_201506150444","JPG","","325704","2015-06-15 04:44:00.000","false","false","true","true","false","false","i70"
"IMG_201506150453","JPG","","277485","2015-06-15 04:53:00.000","false","false","true","true","false","false","i71"
"IMG_201506160308","JPG","","254500","2015-06-16 03:08:00.000","false","false","true","true","false","false","i72"
"IMG_201506202007","JPG","","420984","2015-06-20 20:07:00.000","false","false","true","true","false","false","i73"
"IMG_201506211706","JPG","","392965","2015-06-21 17:06:00.000","false","false","true","true","false","false","i74"
"IMG_201506220219","JPG","","403770","2015-06-22 02:19:00.000","false","false","true","true","false","false","i75"
"IMG_201506231205","JPG","","222726","2015-06-23 12:05:00.000","false","false","true","true","false","false","i76"
"IMG_201506241914","JPG","","284942","2015-06-24 19:14:00.000","false","false","true","true","false","false","i77"
"IMG_201506280043","JPG","","299795","2015-06-28 00:43:00.000","false","false","true","true","false","false","i78"
"IMG_201506291040","JPG","","393295","2015-06-29 10:40:00.000","false","false","true","true","false","false","i79"
"IMG_201506290311","JPG","","328804","2015-06-29 03:11:00.000","false","false","true","true","false","false","i80"
"IMG_201506301217","JPG","","242176","2015-06-30 12:17:00.000","false","false","true","true","false","false","i81"
"IMG_201507011443","JPG","","384476","2015-07-01 14:43:00.000","false","false","true","true","false","false","i82"
"IMG_201507021623","JPG","","366105","2015-07-02 16:23:00.000","false","false","true","true","false","false","i83"
"IMG_201507031941","JPG","","366063","2015-07-03 19:41:00.000","false","false","true","true","false","false","i84"
"IMG_201507040116","JPG","","327751","2015-07-04 01:16:00.000","false","false","true","true","false","false","i85"
"IMG_201507060711","JPG","","247313","2015-07-06 07:11:00.000","false","false","true","true","false","false","i86"
"IMG_201507102348","JPG","","417440","2015-07-10 23:48:00.000","false","false","true","true","false","false","i87"
"IMG_201507122327","JPG","","343429","2015-07-12 23:27:00.000","false","false","true","true","false","false","i88"
"IMG_201507132358","JPG","","352326","2015-07-13 23:58:00.000","false","false","true","true","false","false","i89"
"IMG_201507131620","JPG","","417579","2015-07-13 16:20:00.000","false","false","true","true","false","false","i90"
"IMG_201507142354","JPG","","293599","2015-07-14 23:54:00.000","false","false","true","true","false","false","i91"
"IMG_201507170554","JPG","","211881","2015-07-17 05:54:00.000","false","false","true","true","false","false","i92"
"IMG_201507182157","JPG","","302340","2015-07-18 21:57:00.000","false","false","true","true","false","false","i93"
"IMG_201507191610","JPG","","277371","2015-07-19 16:10:00.000","false","false","true","true","false","false","i94"
"IMG_201507211222","JPG","","289073","2015-07-21 12:22:00.000","false","false","true","true","false","false","i95"
"IMG_201507221250","JPG","","375321","2015-07-22 12:50:00.000","false","false","true","true","false","false","i96"
"IMG_201507232305","JPG","","362164","2015-07-23 23:05:00.000","false","false","true","true","false","false","i97"
"IMG_201507241958","JPG","","255130","2015-07-24 19:58:00.000","false","false","true","true","false","false","i98"
"IMG_201507250801","JPG","","368368","2015-07-25 08:01:00.000","false","false","true","true","false","false","i99"
"IMG_201507251551","JPG","","256526","2015-07-25 15:51:00.000","false","false","true","true","false","false","i100"
"IMG_201507261601","JPG","","420360","2015-07-26 16:01:00.000","false","false","true","true","false","false","i101"
"IMG_201507261552","JPG","","202837","2015-07-26 15:52:00.000","false","false","true","true","false","false","i102"
"IMG_201507270735","JPG","","342889","2015-07-27 07:35:00.000","false","false","true","true","false","false","i103"
"IMG_201507282221","JPG","","328917","2015-07-28 22:21:00.000","false","false","true","true","false","false","i104"
"IMG_201507310004","JPG","","342850","2015-07-31 00:04:00.000","false","false","true","true","false","false","i105"
"IMG_201507310129","JPG","","341652","2015-07-31 01:29:00.000","false","false","true","true","false","false","i106"
"IMG_201508011442","JPG","","227965","2015-08-01 14:42:00.000","false","false","true","true","false","false","i107"
"IMG_201508040915","JPG","","354500","2015-08-04 09:15:00.000","false","false","true","true","false","false","i108"
"IMG_201508041044","JPG","","302733","2015-08-04 10:44:00.000","false","false","true","true","false","false","i109"
"IMG_201508071428","JPG","","411238","2015-08-07 14:28:00.000","false","false","true","true","false","false","i110"
"IMG_201508111626","JPG","","393480","2015-08-11 16:26:00.000","false","false","true","true","false","false","i111"
"IMG_201508121448","JPG","","283586","2015-08-12 14:48:00.000","false","false","true","true","false","false","i112"
"IMG_201508130129","JPG","","292795","2015-08-13 01:29:00.000","false","false","true","true","false","false","i113"
"IMG_201508130025","JPG","","315430","2015-08-13 00:25:00.000","false","false","true","true","false","false","i114"
"IMG_201508141250","JPG","","310630","2015-08-14 12:50:00.000","false","false","true","true","false","false","i115"
"IMG_201508140713","JPG","","233028","2015-08-14 07:13:00.000","false","false","true","true","false","false","i116"
"IMG_201508150331","JPG","","333413","2015-08-15 03:31:00.000","false","false","true","true","false","false","i117"
"IMG_201508150923","JPG","","376978","2015-08-15 09:23:00.000","false","false","true","true","false","false","i118"
"IMG_201508161231","JPG","","337387","2015-08-16 12:31:00.000","false","false","true","true","false","false","i119"
"IMG_201508182325","JPG","","313597","2015-08-18 23:25:00.000","false","false","true","true","false","false","i120"
"IMG_201508191316","JPG","","231142","2015-08-19 13:16:00.000","false","false","true","true","false","false","i121"
"IMG_201508200952","JPG","","206328","2015-08-20 09:52:00.000","false","false","true","true","false","false","i122"
"IMG_201508212318","JPG","","287286","2015-08-21 23:18:00.000","false","false","true","true","false","false","i123"
"IMG_201508220220","JPG","","249646","2015-08-22 02:20:00.000","false","false","true","true","false","false","i124"
"IMG_201508222336","JPG","","306039","2015-08-22 23:36:00.000","false","false","true","true","false","false","i125"
"IMG_201508242242","JPG","","340285","2015-08-24 22:42:00.000","false","false","true","true","false","false","i126"
"IMG_201508270922","JPG","","408511","2015-08-27 09:22:00.000","false","false","true","true","false","false","i127"
"IMG_201508281513","JPG","","282623","2015-08-28 15:13:00.000","false","false","true","true","false","false","i128"
"IMG_201508292034","JPG","","263348","2015-08-29 20:34:00.000","false","false","true","true","false","false","i129"
"IMG_201509010559","JPG","","407625","2015-09-01 05:59:00.000","false","false","true","true","false","false","i130"
"IMG_201509031522","JPG","","317822","2015-09-03 15:22:00.000","false","false","true","true","false","false","i131"
"IMG_201509040010","JPG","","407579","2015-09-04 00:10:00.000","false","false","true","true","false","false","i132"
"IMG_201509050522","JPG","","359625","2015-09-05 05:22:00.000","false","false","true","true","false","false","i133"
"IMG_201509081510","JPG","","268734","2015-09-08 15:10:00.000","false","false","true","true","false","false","i134"
"IMG_201509091107","JPG","","359632","2015-09-09 11:07:00.000","false","false","true","true","false","false","i135"
"IMG_201509102307","JPG","","201784","2015-09-10 23:07:00.000","false","false","true","true","false","false","i136"
"IMG_201509141537","JPG","","226459","2015-09-14 15:37:00.000","false","false","true","true","false","false","i137"
"IMG_201509151022","JPG","","374320","2015-09-15 10:22:00.000","false","false","true","true","false","false","i138"
"IMG_201509161416","JPG","","208400","2015-09-16 14:16:00.000","false","false","true","true","false","false","i139"
"IMG_201509180200","JPG","","201842","2015-09-18 02:00:00.000","false","false","true","true","false","false","i140"
"IMG_201509222051","JPG","","254455","2015-09-22 20:51:00.000","false","false","true","true","false","false","i141"
"IMG_201509262249","JPG","","254233","2015-09-26 22:49:00.000","false","false","true","true","false","false","i142"
"IMG_201509290245","JPG","","309549","2015-09-29 02:45:00.000","false","false","true","true","false","false","i143"
"IMG_201510031606","JPG","","225148","2015-10-03 16:06:00.000","false","false","true","true","false","false","i144"
"IMG_201510032249","JPG","","332482","2015-10-03 22:49:00.000","false","false","true","true","false","false","i145"
"IMG_201510061436","JPG","","221242","2015-10-06 14:36:00.000","false","false","true","true","false","false","i146"
"IMG_201510071316","JPG","","430790","2015-10-07 13:16:00.000","false","false","true","true","false","false","i147"
"IMG_201510110902","JPG","","250098","2015-10-11 09:02:00.000","false","false","true","true","false","false","i148"
"IMG_201510131208","JPG","","293371","2015-10-13 12:08:00.000","false","false","true","true","false","false","i149"
"IMG_201510151735","JPG","","287650","2015-10-15 17:35:00.000","false","false","true","true","false","false","i150"
"IMG_201510151648","JPG","","279507","2015-10-15 16:48:00.000","false","false","true","true","false","false","i151"
"IMG_201510162209","JPG","","403428","2015-10-16 22:09:00.000","false","false","true","true","false","false","i152"
"IMG_201510200558","JPG","","287147","2015-10-20 05:58:00.000","false","false","true","true","false","false","i153"
"IMG_201510230153","JPG","","259983","2015-10-23 01:53:00.000","false","false","true","true","false","false","i154"
"IMG_201510262331","JPG","","383545","2015-10-26 23:31:00.000","false","false","true","true","false","false","i155"
"IMG_201510292053","JPG","","357593","2015-10-29 20:53:00.000","false","false","true","true","false","false","i156"
"IMG_201510292235","JPG","","261765","2015-10-29 22:35:00.000","false","false","true","true","false","false","i157"
"IMG_201511020414","JPG","","226947","2015-11-02 04:14:00.000","false","false","true","true","false","false","i158"
"IMG_201511031733","JPG","","303932","2015-11-03 17:33:00.000","false","false","true","true","false","false","i159"
"IMG_201511030616","JPG","","340500","2015-11-03 06:16:00.000","false","false","true","true","false","false","i160"
"IMG_201511071920","JPG","","386727","2015-11-07 19:20:00.000","false","false","true","true","false","false","i161"
"IMG_201511090120","JPG","","299752","2015-11-09 01:20:00.000","false","false","true","true","false","false","i162"
"IMG_201511130532","JPG","","270175","2015-11-13 05:32:00.000","false","false","true","true","false","false","i163"
"IMG_201511140838","JPG","","413258","2015-11-14 08:38:00.000","false","false","true","true","false","false","i164"
"IMG_201511150221","JPG","","330848","2015-11-15 02:21:00.000","false","false","true","true","false","false","i165"
"IMG_201511162116","JPG","","390337","2015-11-16 21:16:00.000","false","false","true","true","false","false","i166"
"IMG_201511170129","JPG","","361229","2015-11-17 01:29:00.000","false","false","true","true","false","false","i167"
"IMG_201511170130","JPG","","219351","2015-11-17 01:30:00.000","false","false","true","true","false","false","i168"
"IMG_201511182249","JPG","","364552","2015-11-18 22:49:00.000","false","false","true","true","false","false","i169"
"IMG_201511190649","JPG","","272977","2015-11-19 06:49:00.000","false","false","true","true","false","false","i170"
"IMG_201511200703","JPG","","274317","2015-11-20 07:03:00.000","false","false","true","true","false","false","i171"
"IMG_201511221101","JPG","","413031","2015-11-22 11:01:00.000","false","false","true","true","false","false","i172"
"IMG_201511222128","JPG","","315252","2015-11-22 21:28:00.000","false","false","true","true","false","false","i173"
"IMG_201511231535","JPG","","207925","2015-11-23 15:35:00.000","false","false","true","true","false","false","i174"
"IMG_201511270832","JPG","","234659","2015-11-27 08:32:00.000","false","false","true","true","false","false","i175"
"IMG_201511300730","JPG","","256053","2015-11-30 07:30:00.000","false","false","true","true","false","false","i176"
"IMG_201512020748","JPG","","423684","2015-12-02 07:48:00.000","false","false","true","true","false","false","i177"
"IMG_201512060805","JPG","","384658","2015-12-06 08:05:00.000","false","false","true","true","false","false","i178"
"IMG_201512081638","JPG","","420494","2015-12-08 16:38:00.000","false","false","true","true","false","false","i179"
"IMG_201512090439","JPG","","291559","2015-12-09 04:39:00.000","false","false","true","true","false","false","i180"
"IMG_201512101205","JPG","","388895","2015-12-10 12:05:00.000","false","false","true","true","false","false","i181"
"IMG_201512110009","JPG","","291241","2015-12-11 00:09:00.000","false","false","true","true","false","false","i182"
"IMG_201512111700","JPG","","317810","2015-12-11 17:00:00.000","false","false","true","true","false","false","i183"
"IMG_201512120304","JPG","","265067","2015-12-12 03:04:00.000","false","false","true","true","false","false","i184"
"IMG_201512130757","JPG","","278468","2015-12-13 07:57:00.000","false","false","true","true","false","false","i185"
"IMG_201512140442","JPG","","339818","2015-12-14 04:42:00.000","false","false","true","true","false","false","i186"
"IMG_201512140330","JPG","","236442","2015-12-14 03:30:00.000","false","false","true","true","false","false","i187"
"IMG_201512151741","JPG","","337455","2015-12-15 17:41:00.000","false","false","true","true","false","false","i188"
"IMG_201512161344","JPG","","350664","2015-12-16 13:44:00.000","false","false","true","true","false","false","i189"
"IMG_201512170918","JPG","","310575","2015-12-17 09:18:00.000","false","false","true","true","false","false","i190"
"IMG_201512181331","JPG","","429706","2015-12-18 13:31:00.000","false","false","true","true","false","false","i191"
"IMG_201512190056","JPG","","288754","2015-12-19 00:56:00.000","false","false","true","true","false","false","i192"
"IMG_201512202211","JPG","","336497","2015-12-20 22:11:00.000","false","false","true","true","false","false","i193"
"IMG_201512210951","JPG","","341547","2015-12-21 09:51:00.000","false","false","true","true","false","false","i194"
"IMG_201512221905","JPG","","271481","2015-12-22 19:05:00.000","false","false","true","true","false","false","i195"
"IMG_201512231701","JPG","","213540","2015-12-23 17:01:00.000","false","false","true","true","false","false","i196"
"IMG_201512242359","JPG","","340667","2015-12-24 23:59:00.000","false","false","true","true","false","false","i197"
"IMG_201512260959","JPG","","292498","2015-12-26 09:59:00.000","false","false","true","true","false","false","i198"
"IMG_201512271342","JPG","","394820","2015-12-27 13:42:00.000","false","false","true","true","false","false","i199"
"IMG_201512302238","JPG","","421329","2015-12-30 22:38:00.000","false","false","true","true","false","false","i200"
"IMG_201512310645","JPG","","378156","2015-12-31 06:45:00.000","false","false","true","true","false","false","i201"
"IMG_201601041432","JPG","","287679","2016-01-04 14:32:00.000","false","false","true","true","false","false","i202"
"IMG_201601070650","JPG","","248352","2016-01-07 06:50:00.000","false","false","true","true","false","false","i203"
"IMG_201601100348","JPG","","376635","2016-01-10 03:48:00.000","false","false","true","true","false","false","i204"
"IMG_201601110321","JPG","","209488","2016-01-11 03:21:00.000","false","false","true","true","false","false","i205"
"IMG_201601130001","JPG","","222084","2016-01-13 00:01:00.000","false","false","true","true","false","false","i206"
"IMG_201601141102","JPG","","240342","2016-01-14 11:02:00.000","false","false","true","true","false","true","i207"
"IMG_201601140144","JPG","","232731","2016-01-14 01:44:00.000","false","false","true","true","false","false","i208"
"IMG_201601172110","JPG","","306883","2016-01-17 21:10:00.000","false","false","true","true","false","false","i209"
"IMG_201601211810","JPG","","227280","2016-01-21 18:10:00.000","false","false","true","true","false","false","i210"
"IMG_201601222229","JPG","","401985","2016-01-22 22:29:00.000","false","false","true","true","false","false","i211"
"IMG_201601230921","JPG","","430259","2016-01-23 09:21:00.000","false","false","true","true","false","false","i212"
"IMG_201601250649","JPG","","286607","2016-01-25 06:49:00.000","false","false","true","true","false","false","i213"
"IMG_201601290601","JPG","","295943","2016-01-29 06:01:00.000","false","false","true","true","false","false","i214"
"IMG_201601292041","JPG","","430638","2016-01-29 20:41:00.000","false","false","true","true","false","false","i215"
"IMG_201601290721","JPG","","339679","2016-01-29 07:21:00.000","false","false","true","true","false","false","i216"
"IMG_201601300543","JPG","","240842","2016-01-30 05:43:00.000","false","false","true","true","false","false","i217"
"IMG_201601310641","JPG","","340196","2016-01-31 06:41:00.000","false","false","true","true","false","false","i218"
"IMG_201602010125","JPG","","325340","2016-02-01 01:25:00.000","false","false","true","true","false","false","i219"
"IMG_201602021320","JPG","","234987","2016-02-02 13:20:00.000","false","false","true","true","false","false","i220"
"IMG_201602031840","JPG","","286868","2016-02-03 18:40:00.000","false","false","true","true","false","false","i221"
"IMG_201602040141","JPG","","247069","2016-02-04 01:41:00.000","false","false","true","true","false","false","i222"
"IMG_201602070623","JPG","","416674","2016-02-07 06:23:00.000","false","false","true","true","false","false","i223"
"IMG_201602081800","JPG","","385160","2016-02-08 18:00:00.000","false","false","true","true","false","false","i224"
"IMG_201602082232","JPG","","250347","2016-02-08 22:32:00.000","false","false","true","true","false","false","i225"
"IMG_201602121851","JPG","","353065","2016-02-12 18:51:00.000","false","false","true","true","false","false","i226"
"IMG_201602130811","JPG","","336597","2016-02-13 08:11:00.000","false","false","true","true","false","false","i227"
"IMG_201602130831","JPG","","227825","2016-02-13 08:31:00.000","false","false","true","true","false","false","i228"
"IMG_201602151226","JPG","","208734","2016-02-15 12:26:00.000","false","false","true","true","false","false","i229"
"IMG_201602161246","JPG","","425109","2016-02-16 12:46:00.000","false","false","true","true","false","false","i230"
"IMG_201602191730","JPG","","344543","2016-02-19 17:30:00.000","false","false","true","true","false","false","i231"
"IMG_201602220133","JPG","","383760","2016-02-22 01:33:00.000","false","false","true","true","false","false","i232"
"IMG_201602231023","JPG","","238885","2016-02-23 10:23:00.000","false","false","true","true","false","false","i233"
"IMG_201602232342","JPG","","273119","2016-02-23 23:42:00.000","false","false","true","true","false","false","i234"
"IMG_201602241257","JPG","","217028","2016-02-24 12:57:00.000","false","false","true","true","false","false","i235"
"IMG_201602272044","JPG","","361034","2016-02-27 20:44:00.000","false","false","true","true","false","false","i236"
"IMG_201603012324","JPG","","240415","2016-03-01 23:24:00.000","false","false","true","true","false","false","i237"
"IMG_201603041435","JPG","","311788","2016-03-04 14:35:00.000","false","false","true","true","false","false","i238"
"IMG_201603051525","JPG","","242628","2016-03-05 15:25:00.000","false","false","true","true","false","false","i239"
"IMG_201603091754","JPG","","259043","2016-03-09 17:54:00.000","false","false","true","true","false","false","i240"
"IMG_201603111554","JPG","","390283","2016-03-11 15:54:00.000","false","false","true","true","false","false","i241"
"IMG_201603121907","JPG","","386740","2016-03-12 19:07:00.000","false","false","true","true","false","false","i242"
"IMG_201603161239","JPG","","249384","2016-03-16 12:39:00.000","false","false","true","true","false","false","i243"
"IMG_201603170617","JPG","","325690","2016-03-17 06:17:00.000","false","false","true","true","false","false","i244"
"IMG_201603180349","JPG","","421354","2016-03-18 03:49:00.000","false","false","true","true","false","false","i245"
"IMG_201603190724","JPG","","273931","2016-03-19 07:24:00.000","false","false","true","true","false","false","i246"
"IMG_201603200742","JPG","","271329","2016-03-20 07:42:00.000","false","false","true","true","false","false","i247"
"IMG_201603231026","JPG","","418794","2016-03-23 10:26:00.000","false","false","true","true","false","false","i248"
"IMG_201603262130","JPG","","249555","2016-03-26 21:30:00.000","false","false","true","true","false","false","i249"
"IMG_201603272033","JPG","","329593","2016-03-27 20:33:00.000","false","false","true","true","false","false","i250"
"IMG_201603280526","JPG","","406147","2016-03-28 05:26:00.000","false","false","true","true","false","false","i251"
"IMG_201603301129","JPG","","303953","2016-03-30 11:29:00.000","false","false","true","true","false","false","i252"
"IMG_201603312348","JPG","","341742","2016-03-31 23:48:00.000","false","false","true","true","false","false","i253"
"IMG_201604011054","JPG","","362535","2016-04-01 10:54:00.000","false","false","true","true","false","false","i254"
"IMG_201604020820","JPG","","352515","2016-04-02 08:20:00.000","false","false","true","true","false","false","i255"
"IMG_201604030908","JPG","","403523","2016-04-03 09:08:00.000","false","false","true","true","false","false","i256"
"IMG_201604041836","JPG","","234724","2016-04-04 18:36:00.000","false","false","true","true","false","false","i257"
"IMG_201604052036","JPG","","425722","2016-04-05 20:36:00.000","false","false","true","true","false","false","i258"
"IMG_201604052332","JPG","","371994","2016-04-05 23:32:00.000","false","false","true","true","false","false","i259"
"IMG_201604081835","JPG","","270891","2016-04-08 18:35:00.000","false","false","true","true","false","false","i260"
"IMG_201604090934","JPG","","376786","2016-04-09 09:34:00.000","false","false","true","true","false","false","i261"
"IMG_201604101339","JPG","","264015","2016-04-10 13:39:00.000","false","false","true","true","false","false","i262"
"IMG_201604110036","JPG","","406040","2016-04-11 00:36:00.000","false","false","true","true","false","false","i263"
"IMG_201604151123","JPG","","294544","2016-04-15 11:23:00.000","false","false","true","true","false","false","i264"
"IMG_201604162022","JPG","","276630","2016-04-16 20:22:00.000","false","false","true","true","false","false","i265"
"IMG_201604162025","JPG","","233288","2016-04-16 20:25:00.000","false","false","true","true","false","false","i266"
"IMG_201604171736","JPG","","282145","2016-04-17 17:36:00.000","false","false","true","true","false","false","i267"
"IMG_201604181512","JPG","","350898","2016-04-18 15:12:00.000","false","false","true","true","false","false","i268"
"IMG_201604192340","JPG","","340410","2016-04-19 23:40:00.000","false","false","true","true","false","false","i269"
"IMG_201604202152","JPG","","318494","2016-04-20 21:52:00.000","false","false","true","true","false","false","i270"
"IMG_201604222349","JPG","","408412","2016-04-22 23:49:00.000","false","false","true","true","false","false","i271"
"IMG_201604230928","JPG","","385253","2016-04-23 09:28:00.000","false","false","true","true","false","false","i272"
"IMG_201604241134","JPG","","356699","2016-04-24 11:34:00.000","false","false","true","true","false","false","i273"
"IMG_201604252152","JPG","","411785","2016-04-25 21:52:00.000","false","false","true","true","false","false","i274"
"IMG_201604262042","JPG","","297395","2016-04-26 20:42:00.000","false","false","true","true","false","false","i275"
"IMG_201604270054","JPG","","324562","2016-04-27 00:54:00.000","false","false","true","true","false","false","i276"
"IMG_201604281000","JPG","","283579","2016-04-28 10:00:00.000","false","false","true","true","false","false","i277"
"IMG_201604292139","JPG","","318781","2016-04-29 21:39:00.000","false","false","true","true","false","false","i278"
"IMG_201604300838","JPG","","328979","2016-04-30 08:38:00.000","false","false","true","true","false","false","i279"
"IMG_201605010246","JPG","","375604","2016-05-01 02:46:00.000","false","false","true","true","false","false","i280"
"IMG_201605020824","JPG","","307829","2016-05-02 08:24:00.000","false","false","true","true","false","false","i281"
"IMG_201605030414","JPG","","238968","2016-05-03 04:14:00.000","false","false","true","true","false","false","i282"
"IMG_201605040056","JPG","","228098","2016-05-04 00:56:00.000","false","false","true","true","false","false","i283"
"IMG_201605050834","JPG","","248294","2016-05-05 08:34:00.000","false","false","true","true","false","false","i284"
"IMG_201605082150","JPG","","275410","2016-05-08 21:50:00.000","false","false","true","true","false","false","i285"
"IMG_201605110634","JPG","","264855","2016-05-11 06:34:00.000","false","false","true","true","false","false","i286"
"IMG_201605140743","JPG","","309944","2016-05-14 07:43:00.000","false","false","true","true","false","false","i287"
"IMG_201605150550","JPG","","337777","2016-05-15 05:50:00.000","false","false","true","true","false","false","i288"
"IMG_201605170322","JPG","","430978","2016-05-17 03:22:00.000","false","false","true","true","false","false","i289"
"IMG_201605181017","JPG","","357819","2016-05-18 10:17:00.000","false","false","true","true","false","false","i290"
"IMG_201605190445","JPG","","238445","2016-05-19 04:45:00.000","false","false","true","true","false","false","i291"
"IMG_201605202143","JPG","","411935","2016-05-20 21:43:00.000","false","false","true","true","false","false","i292"
"IMG_201605211359","JPG","","303091","2016-05-21 13:59:00.000","false","false","true","true","false","false","i293"
"IMG_201605221427","JPG","","276914","2016-05-22 14:27:00.000","false","false","true","true","false","false","i294"
"IMG_201605230632","JPG","","226415","2016-05-23 06:32:00.000","false","false","true","true","false","false","i295"
"IMG_201605271651","JPG","","301952","2016-05-27 16:51:00.000","false","false","true","true","false","false","i296"
"IMG_201605300743","JPG","","268778","2016-05-30 07:43:00.000","false","false","true","true","false","false","i297"
"IMG_201605311729","JPG","","364285","2016-05-31 17:29:00.000","false","false","true","true","false","false","i298"
"IMG_201605311507","JPG","","262734","2016-05-31 15:07:00.000","false","false","true","true","false","false","i299"
"IMG_201606011049","JPG","","310710","2016-06-01 10:49:00.000","false","false","true","true","false","false","i300"
"IMG_201606031819","JPG","","329877","2016-06-03 18:19:00.000","false","false","true","true","false","false","i301"
"IMG_201606041839","JPG","","391834","2016-06-04 18:39:00.000","false","false","true","true","false","false","i302"
"IMG_201606050451","JPG","","366275","2016-06-05 04:51:00.000","false","false","true","true","false","false","i303"
"IMG_201606091951","JPG","","428264","2016-06-09 19:51:00.000","false","false","true","true","false","false","i304"
"IMG_201606131453","JPG","","327372","2016-06-13 14:53:00.000","false","false","true","true","false","false","i305"
"IMG_201606140953","JPG","","318347","2016-06-14 09:53:00.000","false","false","true","true","false","false","i306"
"IMG_201606152235","JPG","","233784","2016-06-15 22:35:00.000","false","false","true","true","false","false","i307"
"IMG_201606161843","JPG","","385963","2016-06-16 18:43:00.000","false","false","true","true","false","false","i308"
"IMG_201606172342","JPG","","252966","2016-06-17 23:42:00.000","false","false","true","true","false","false","i309"
"IMG_201606182321","JPG","","267291","2016-06-18 23:21:00.000","false","false","true","true","false","false","i310"
"IMG_201606191712","JPG","","336139","2016-06-19 17:12:00.000","false","false","true","true","false","false","i311"
"IMG_201606201226","JPG","","252196","2016-06-20 12:26:00.000","false","false","true","true","false","false","i312"
"IMG_201606240118","JPG","","374243","2016-06-24 01:18:00.000","false","false","true","true","false","false","i313"
"IMG_201606250045","JPG","","298958","2016-06-25 00:45:00.000","false","false","true","true","false","false","i314"
"IMG_201606271940","JPG","","246051","2016-06-27 19:40:00.000","false","false","true","true","false","false","i315"
"IMG_201606282252","JPG","","427185","2016-06-28 22:52:00.000","false","false","true","true","false","false","i316"
"IMG_201607010738","JPG","","409960","2016-07-01 07:38:00.000","false","false","true","true","false","false","i317"
"IMG_201607022334","JPG","","401651","2016-07-02 23:34:00.000","false","false","true","true","false","false","i318"
"IMG_201607030243","JPG","","332699","2016-07-03 02:43:00.000","false","false","true","true","false","false","i319"
"IMG_201607060123","JPG","","396552","2016-07-06 01:23:00.000","false","false","true","true","false","false","i320"
"IMG_201607072213","JPG","","218718","2016-07-07 22:13:00.000","false","false","true","true","false","false","i321"
"IMG_201607102149","JPG","","270360","2016-07-10 21:49:00.000","false","false","true","true","false","false","i322"
"IMG_201607110626","JPG","","238646","2016-07-11 06:26:00.000","false","false","true","true","false","false","i323"
"IMG_201607141557","JPG","","387883","2016-07-14 15:57:00.000","false","false","true","true","false","false","i324"
"IMG_201607152257","JPG","","406384","2016-07-15 22:57:00.000","false","false","true","true","false","false","i325"
"IMG_201607192104","JPG","","339488","2016-07-19 21:04:00.000","false","false","true","true","false","false","i326"
"IMG_201607231110","JPG","","232367","2016-07-23 11:10:00.000","false","false","true","true","false","false","i327"
"IMG_201607232118","JPG","","335162","2016-07-23 21:18:00.000","false","false","true","true","false","false","i328"
"IMG_201607250930","JPG","","360976","2016-07-25 09:30:00.000","false","false","true","true","false","false","i329"
"IMG_201607260233","JPG","","350989","2016-07-26 02:33:00.000","false","false","true","true","false","false","i330"
"IMG_201607262328","JPG","","290022","2016-07-26 23:28:00.000","false","false","true","true","false","false","i331"
"IMG_201607292102","JPG","","333524","2016-07-29 21:02:00.000","false","false","true","true","false","false","i332"
"IMG_201607301602","JPG","","371008","2016-07-30 16:02:00.000","false","false","true","true","false","false","i333"
"IMG_201607311920","JPG","","255882","2016-07-31 19:20:00.000","false","false","true","true","false","false","i334"
"IMG_201608011023","JPG","","397903","2016-08-01 10:23:00.000","false","false","true","true","false","false","i335"
"IMG_201608021656","JPG","","423543","2016-08-02 16:56:00.000","false","false","true","true","false","false","i336"
"IMG_201608060620","JPG","","415580","2016-08-06 06:20:00.000","false","false","true","true","false","false","i337"
"IMG_201608080101","JPG","","326141","2016-08-08 01:01:00.000","false","false","true","true","false","false","i338"
"IMG_201608081906","JPG","","235211","2016-08-08 19:06:00.000","false","false","true","true","false","false","i339"
"IMG_201608092212","JPG","","351376","2016-08-09 22:12:00.000","false","false","true","true","false","false","i340"
"IMG_201608101331","JPG","","278717","2016-08-10 13:31:00.000","false","false","true","true","false","false","i341"
"IMG_201608111002","JPG","","300169","2016-08-11 10:02:00.000","false","false","true","true","false","false","i342"
"IMG_201608121743","JPG","","221529","2016-08-12 17:43:00.000","false","false","true","true","false","false","i343"
"IMG_201608131055","JPG","","342649","2016-08-13 10:55:00.000","false","false","true","true","false","false","i344"
"IMG_201608142242","JPG","","412698","2016-08-14 22:42:00.000","false","false","true","true","false","false","i345"
"IMG_201608151558","JPG","","277313","2016-08-15 15:58:00.000","false","false","true","true","false","false","i346"
"IMG_201608160514","JPG","","377755","2016-08-16 05:14:00.000","false","false","true","true","false","false","i347"
"IMG_201608171438","JPG","","309743","2016-08-17 14:38:00.000","false","false","true","true","false","false","i348"
"IMG_201608171743","JPG","","342479","2016-08-17 17:43:00.000","false","false","true","true","false","false","i349"
"IMG_201608211300","JPG","","376857","2016-08-21 13:00:00.000","false","false","true","true","false","false","i350"
"IMG_201608220648","JPG","","383699","2016-08-22 06:48:00.000","false","false","true","true","false","false","i351"
"IMG_201608220555","JPG","","314402","2016-08-22 05:55:00.000","false","false","true","true","false","false","i352"
"IMG_201608222244","JPG","","391373","2016-08-22 22:44:00.000","false","false","true","true","false","false","i353"
"IMG_201608230737","JPG","","414127","2016-08-23 07:37:00.000","false","false","true","true","false","false","i354"
"IMG_201608231131","JPG","","348541","2016-08-23 11:31:00.000","false","false","true","true","false","false","i355"
"IMG_201608241333","JPG","","298186","2016-08-24 13:33:00.000","false","false","true","true","false","false","i356"
"IMG_201608242029","JPG","","326467","2016-08-24 20:29:00.000","false","false","true","true","false","false","i357"
"IMG_201608252053","JPG","","216704","2016-08-25 20:53:00.000","false","false","true","true","false","false","i358"
"IMG_201608261611","JPG","","431873","2016-08-26 16:11:00.000","false","false","true","true","false","false","i359"
"IMG_201608271811","JPG","","278822","2016-08-27 18:11:00.000","false","false","true","true","false","false","i360"
"IMG_201608271706","JPG","","223383","2016-08-27 17:06:00.000","false","false","true","true","false","false","i361"
"IMG_201608272350","JPG","","323931","2016-08-27 23:50:00.000","false","false","true","true","false","false","i362"
"IMG_201608281254","JPG","","220243","2016-08-28 12:54:00.000","false","false","true","true","false","false","i363"
"IMG_201609010501","JPG","","327729","2016-09-01 05:01:00.000","false","false","true","true","false","false","i364"
"IMG_201609021602","JPG","","334406","2016-09-02 16:02:00.000","false","false","true","true","false","false","i365"
"IMG_201609030946","JPG","","329755","2016-09-03 09:46:00.000","false","false","true","true","false","false","i366"
"IMG_201609060529","JPG","","230102","2016-09-06 05:29:00.000","false","false","true","true","false","false","i367"
"IMG_201609070204","JPG","","276711","2016-09-07 02:04:00.000","false","false","true","true","false","false","i368"
"IMG_201609080921","JPG","","285694","2016-09-08 09:21:00.000","false","false","true","true","false","false","i369"
"IMG_201609110412","JPG","","250073","2016-09-11 04:12:00.000","false","false","true","true","false","false","i370"
"IMG_201609131820","JPG","","243771","2016-09-13 18:20:00.000","false","false","true","true","false","false","i371"
"IMG_201609141843","JPG","","432115","2016-09-14 18:43:00.000","false","false","true","true","false","false","i372"
"IMG_201609150929","JPG","","406522","2016-09-15 09:29:00.000","false","false","true","true","false","false","i373"
"IMG_201609190117","JPG","","210671","2016-09-19 01:17:00.000","false","false","true","true","false","false","i374"
"IMG_201609201950","JPG","","244434","2016-09-20 19:50:00.000","false","false","true","true","false","false","i375"
"IMG_201609240721","JPG","","239868","2016-09-24 07:21:00.000","false","false","true","true","false","false","i376"
"IMG_201609251551","JPG","","229349","2016-09-25 15:51:00.000","false","false","true","true","false","false","i377"
"IMG_201609260055","JPG","","308849","2016-09-26 00:55:00.000","false","false","true","true","false","false","i378"
"IMG_201609270836","JPG","","228282","2016-09-27 08:36:00.000","false","false","true","true","false","false","i379"
"IMG_201609272035","JPG","","295517","2016-09-27 20:35:00.000","false","false","true","true","false","false","i380"
"IMG_201609281959","JPG","","333511","2016-09-28 19:59:00.000","false","false","true","true","false","false","i381"
"IMG_201609291636","JPG","","432706","2016-09-29 16:36:00.000","false","false","true","true","false","false","i382"
"IMG_201609301025","JPG","","255388","2016-09-30 10:25:00.000","false","false","true","true","false","false","i383"
"IMG_201610011253","JPG","","228024","2016-10-01 12:53:00.000","false","false","true","true","false","false","i384"
"IMG_201610041700","JPG","","232708","2016-10-04 17:00:00.000","false","false","true","true","false","false","i385"
"IMG_201610052217","JPG","","354852","2016-10-05 22:17:00.000","false","false","true","true","false","false","i386"
"IMG_201610070209","JPG","","334825","2016-10-07 02:09:00.000","false","false","true","true","false","false","i387"
"IMG_201610080853","JPG","","298614","2016-10-08 08:53:00.000","false","false","true","true","false","false","i388"
"IMG_201610091017","JPG","","330126","2016-10-09 10:17:00.000","false","false","true","true","false","false","i389"
"IMG_201610101844","JPG","","238211","2016-10-10 18:44:00.000","false","false","true","true","false","false","i390"
"IMG_201610110439","JPG","","262594","2016-10-11 04:39:00.000","false","false","true","true","false","false","i391"
"IMG_201610120438","JPG","","253428","2016-10-12 04:38:00.000","false","false","true","true","false","false","i392"
"IMG_201610131823","JPG","","381125","2016-10-13 18:23:00.000","false","false","true","true","false","false","i393"
"IMG_201610141032","JPG","","301567","2016-10-14 10:32:00.000","false","false","true","true","false","false","i394"
"IMG_201610160158","JPG","","258382","2016-10-16 01:58:00.000","false","false","true","true","false","false","i395"
"IMG_201610200733","JPG","","300414","2016-10-20 07:33:00.000","false","false","true","true","false","false","i396"
"IMG_201610210150","JPG","","287444","2016-10-21 01:50:00.000","false","false","true","true","false","false","i397"
"IMG_201610210638","JPG","","223666","2016-10-21 06:38:00.000","false","false","true","true","false","false","i398"
"IMG_201610240857","JPG","","390015","2016-10-24 08:57:00.000","false","false","true","true","false","false","i399"
"IMG_201610262039","JPG","","232973","2016-10-26 20:39:00.000","false","false","true","true","false","false","i400"
"IMG_201610271326","JPG","","222168","2016-10-27 13:26:00.000","false","false","true","true","false","false","i401"
"IMG_201610282117","JPG","","251725","2016-10-28 21:17:00.000","false","false","true","true","false","false","i402"
"IMG_201610291425","JPG","","362114","2016-10-29 14:25:00.000","false","false","true","true","false","false","i403"
"IMG_201610300951","JPG","","206381","2016-10-30 09:51:00.000","false","false","true","true","false","false","i404"
"IMG_201611021443","JPG","","424067","2016-11-02 14:43:00.000","false","false","true","true","false","false","i405"
"IMG_201611051011","JPG","","317188","2016-11-05 10:11:00.000","false","false","true","true","false","false","i406"
"IMG_201611060353","JPG","","204344","2016-11-06 03:53:00.000","false","false","true","true","false","false","i407"
"IMG_201611071242","JPG","","258888","2016-11-07 12:42:00.000","false","false","true","true","false","false","i408"
"IMG_201611090013","JPG","","247768","2016-11-09 00:13:00.000","false","false","true","true","false","false","i409"
"IMG_201611111506","JPG","","244643","2016-11-11 15:06:00.000","false","false","true","true","false","false","i410"
"IMG_201611121215","JPG","","340568","2016-11-12 12:15:00.000","false","false","true","true","false","false","i411"
"IMG_201611131100","JPG","","374567","2016-11-13 11:00:00.000","false","false","true","true","false","false","i412"
"IMG_201611140544","JPG","","382543","2016-11-14 05:44:00.000","false","false","true","true","false","false","i413"
"IMG_201611171547","JPG","","219940","2016-11-17 15:47:00.000","false","false","true","true","false","false","i414"
"IMG_201611180156","JPG","","266450","2016-11-18 01:56:00.000","false","false","true","true","false","false","i415"
"IMG_201611190753","JPG","","345705","2016-11-19 07:53:00.000","false","false","true","true","false","false","i416"
"IMG_201611200244","JPG","","330566","2016-11-20 02:44:00.000","false","false","true","true","false","false","i417"
"IMG_201611211732","JPG","","320268","2016-11-21 17:32:00.000","false","false","true","true","false","false","i418"
"IMG_201611221704","JPG","","232658","2016-11-22 17:04:00.000","false","false","true","true","false","false","i419"
"IMG_201611251037","JPG","","270486","2016-11-25 10:37:00.000","false","false","true","true","false","false","i420"
"IMG_201611271103","JPG","","234187","2016-11-27 11:03:00.000","false","false","true","true","false","false","i421"
"IMG_201611280657","JPG","","388068","2016-11-28 06:57:00.000","false","false","true","true","false","false","i422"
"IMG_201611290808","JPG","","368274","2016-11-29 08:08:00.000","false","false","true","true","false","false","i423"
"IMG_201612021554","JPG","","260278","2016-12-02 15:54:00.000","false","false","true","true","false","false","i424"
"IMG_201612031118","JPG","","418780","2016-12-03 11:18:00.000","false","false","true","true","false","false","i425"
"IMG_201612031638","JPG","","412062","2016-12-03 16:38:00.000","false","false","true","true","false","false","i426"
"IMG_201612060428","JPG","","261176","2016-12-06 04:28:00.000","false","false","true","true","false","false","i427"
"IMG_201612072128","JPG","","206544","2016-12-07 21:28:00.000","false","false","true","true","false","false","i428"
"IMG_201612081331","JPG","","221311","2016-12-08 13:31:00.000","false","false","true","true","false","false","i429"
"IMG_201612121334","JPG","","376526","2016-12-12 13:34:00.000","false","false","true","true","false","false","i430"
"IMG_201612130936","JPG","","349806","2016-12-13 09:36:00.000","false","false","true","true","false","false","i431"
"IMG_201612171409","JPG","","272584","2016-12-17 14:09:00.000","false","false","true","true","false","false","i432"
"IMG_201612181241","JPG","","202452","2016-12-18 12:41:00.000","false","false","true","true","false","false","i433"
"IMG_201612191352","JPG","","364264","2016-12-19 13:52:00.000","false","false","true","true","false","false","i434"
"IMG_201612202009","JPG","","363928","2016-12-20 20:09:00.000","false","false","true","true","false","false","i435"
"IMG_201612230518","JPG","","254352","2016-12-23 05:18:00.000","false","false","true","true","false","false","i436"
"IMG_201612241550","JPG","","314953","2016-12-24 15:50:00.000","false","false","true","true","false","false","i437"
"IMG_201612251254","JPG","","201600","2016-12-25 12:54:00.000","false","false","true","true","false","false","i438"
"IMG_201612261548","JPG","","375598","2016-12-26 15:48:00.000","false","false","true","true","false","false","i439"
"IMG_201612270546","JPG","","424216","2016-12-27 05:46:00.000","false","false","true","true","false","false","i440"
"IMG_201612270724","JPG","","281656","2016-12-27 07:24:00.000","false","false","true","true","false","false","i441"
"IMG_201612291602","JPG","","386396","2016-12-29 16:02:00.000","false","false","true","true","false","false","i442"
"IMG_201612300403","JPG","","218564","2016-12-30 04:03:00.000","false","false","true","true","false","false","i443"
"IMG_201701010626","JPG","","287689","2017-01-01 06:26:00.000","false","false","true","true","false","false","i444"
"IMG_201701031200","JPG","","381825","2017-01-03 12:00:00.000","false","false","true","true","false","false","i445"
"IMG_201701040718","JPG","","415984","2017-01-04 07:18:00.000","false","false","true","true","false","false","i446"
"IMG_201701050357","JPG","","239682","2017-01-05 03:57:00.000","false","false","true","true","false","false","i447"
"IMG_201701060256","JPG","","317011","2017-01-06 02:56:00.000","false","false","true","true","false","false","i448"
"IMG_201701071811","JPG","","212337","2017-01-07 18:11:00.000","false","false","true","true","false","false","i449"
"IMG_201701081327","JPG","","412682","2017-01-08 13:27:00.000","false","false","true","true","false","false","i450"
"IMG_201701090758","JPG","","300602","2017-01-09 07:58:00.000","false","false","true","true","false","false","i451"
"IMG_201701121938","JPG","","230232","2017-01-12 19:38:00.000","false","false","true","true","false","false","i452"
"IMG_201701151445","JPG","","328653","2017-01-15 14:45:00.000","false","false","true","true","false","false","i453"
"IMG_201701171505","JPG","","264651","2017-01-17 15:05:00.000","false","false","true","true","false","false","i454"
"IMG_201701181152","JPG","","410295","2017-01-18 11:52:00.000","false","false","true","true","false","false","i455"
"IMG_201701210902","JPG","","411492","2017-01-21 09:02:00.000","false","false","true","true","false","false","i456"
"IMG_201701220344","JPG","","361864","2017-01-22 03:44:00.000","false","false","true","true","false","false","i457"
"IMG_201701231324","JPG","","370679","2017-01-23 13:24:00.000","false","false","true","true","false","false","i458"
"IMG_201701271502","JPG","","200588","2017-01-27 15:02:00.000","false","false","true","true","false","false","i459"
"IMG_201701271532","JPG","","407547","2017-01-27 15:32:00.000","false","false","true","true","false","false","i460"
"IMG_201701281404","JPG","","268957","2017-01-28 14:04:00.000","false","false","true","true","false","false","i461"
"IMG_201701311343","JPG","","256058","2017-01-31 13:43:00.000","false","false","true","true","false","false","i462"
"IMG_201702040311","JPG","","286995","2017-02-04 03:11:00.000","false","false","true","true","false","false","i463"
"IMG_201702060325","JPG","","244608","2017-02-06 03:25:00.000","false","false","true","true","false","false","i464"
"IMG_201702071501","JPG","","223859","2017-02-07 15:01:00.000","false","false","true","true","false","false","i465"
"IMG_201702111831","JPG","","224192","2017-02-11 18:31:00.000","false","false","true","true","false","false","i466"
"IMG_201702130153","JPG","","337902","2017-02-13 01:53:00.000","false","false","true","true","false","false","i467"
"IMG_201702140523","JPG","","432736","2017-02-14 05:23:00.000","false","false","true","true","false","false","i468"
"IMG_201702180322","JPG","","205036","2017-02-18 03:22:00.000","false","false","true","true","false","false","i469"
"IMG_201702190758","JPG","","261347","2017-02-19 07:58:00.000","false","false","true","true","false","false","i470"
"IMG_201702200343","JPG","","285931","2017-02-20 03:43:00.000","false","false","true","true","false","false","i471"
"IMG_201702212312","JPG","","388078","2017-02-21 23:12:00.000","false","false","true","true","false","false","i472"
"IMG_201702220238","JPG","","329703","2017-02-22 02:38:00.000","false","false","true","true","false","false","i473"
"IMG_201702241528","JPG","","200749","2017-02-24 15:28:00.000","false","false","true","true","false","false","i474"
"IMG_201702251802","JPG","","305576","2017-02-25 18:02:00.000","false","false","true","true","false","false","i475"
"IMG_201702261706","JPG","","228436","2017-02-26 17:06:00.000","false","false","true","true","false","false","i476"
"IMG_201702271025","JPG","","353810","2017-02-27 10:25:00.000","false","false","true","true","false","false","i477"
"IMG_201703032137","JPG","","205003","2017-03-03 21:37:00.000","false","false","true","true","false","false","i478"
"IMG_201703060321","JPG","","335972","2017-03-06 03:21:00.000","false","false","true","true","false","false","i479"
"IMG_201703071629","JPG","","406286","2017-03-07 16:29:00.000","false","false","true","true","false","false","i480"
"IMG_201703080730","JPG","","388958","2017-03-08 07:30:00.000","false","false","true","true","false","false","i481"
"IMG_201703090741","JPG","","260048","2017-03-09 07:41:00.000","false","false","true","true","false","false","i482"
"IMG_201703101858","JPG","","363788","2017-03-10 18:58:00.000","false","false","true","true","false","false","i483"
"IMG_201703110702","JPG","","369785","2017-03-11 07:02:00.000","false","false","true","true","false","false","i484"
"IMG_201703120628","JPG","","281812","2017-03-12 06:28:00.000","false","false","true","true","false","false","i485"
"IMG_201703132041","JPG","","217823","2017-03-13 20:41:00.000","false","false","true","true","false","false","i486"
"IMG_201703141014","JPG","","313879","2017-03-14 10:14:00.000","false","false","true","true","false","false","i487"
"IMG_201703141517","JPG","","370265","2017-03-14 15:17:00.000","false","false","true","true","false","false","i488"
"IMG_201703152032","JPG","","215239","2017-03-15 20:32:00.000","false","false","true","true","false","false","i489"
"IMG_201703161045","JPG","","359678","2017-03-16 10:45:00.000","false","false","true","true","false","false","i490"
"IMG_201703162051","JPG","","342772","2017-03-16 20:51:00.000","false","false","true","true","false","false","i491"
"IMG_201703181911","JPG","","243015","2017-03-18 19:11:00.000","false","false","true","true","false","false","i492"
"IMG_201703191209","JPG","","272888","2017-03-19 12:09:00.000","false","false","true","true","false","false","i493"
"IMG_201703202219","JPG","","305975","2017-03-20 22:19:00.000","false","false","true","true","false","false","i494"
"IMG_201703211137","JPG","","201774","2017-03-21 11:37:00.000","false","false","true","true","false","false","i495"
"IMG_201703221452","JPG","","356280","2017-03-22 14:52:00.000","false","false","true","true","false","false","i496"
"IMG_201703251607","JPG","","301437","2017-03-25 16:07:00.000","false","false","true","true","false","false","i497"
"IMG_201703251103","JPG","","428016","2017-03-25 11:03:00.000","false","false","true","true","false","false","i498"
"IMG_201703260611","JPG","","394511","2017-03-26 06:11:00.000","false","false","true","true","false","false","i499"
"IMG_201703261510","JPG","","200643","2017-03-26 15:10:00.000","false","false","true","true","false","false","i500"
"IMG_201703281448","JPG","","283328","2017-03-28 14:48:00.000","false","false","true","true","false","false","i501"
"IMG_201703291600","JPG","","272252","2017-03-29 16:00:00.000","false","false","true","true","false","false","i502"
"IMG_201703300653","JPG","","392907","2017-03-30 06:53:00.000","false","false","true","true","false","false","i503"
"IMG_201703311227","JPG","","327253","2017-03-31 12:27:00.000","false","false","true","true","false","false","i504"
"IMG_201704031835","JPG","","207734","2017-04-03 18:35:00.000","false","false","true","true","false","false","i505"
"IMG_201704061118","JPG","","222594","2017-04-06 11:18:00.000","false","false","true","true","false","false","i506"
"IMG_201704060101","JPG","","295832","2017-04-06 01:01:00.000","false","false","true","true","false","false","i507"
"IMG_201704081649","JPG","","427065","2017-04-08 16:49:00.000","false","false","true","true","false","false","i508"
"IMG_201704120226","JPG","","243959","2017-04-12 02:26:00.000","false","false","true","true","false","false","i509"
"IMG_201704131837","JPG","","241555","2017-04-13 18:37:00.000","false","false","true","true","false","false","i510"
"IMG_201704161719","JPG","","286927","2017-04-16 17:19:00.000","false","false","true","true","false","false","i511"
"IMG_201704171815","JPG","","223312","2017-04-17 18:15:00.000","false","false","true","true","false","true","i512"
"IMG_201704181233","JPG","","367535","2017-04-18 12:33:00.000","false","false","true","true","false","false","i513"
"IMG_201704190312","JPG","","272705","2017-04-19 03:12:00.000","false","false","true","true","false","false","i514"
"IMG_201704190858","JPG","","332516","2017-04-19 08:58:00.000","false","false","true","true","false","false","i515"
"IMG_201704220121","JPG","","299114","2017-04-22 01:21:00.000","false","false","true","true","false","false","i516"
"IMG_201704241137","JPG","","240259","2017-04-24 11:37:00.000","false","false","true","true","false","false","i517"
"IMG_201704270302","JPG","","418074","2017-04-27 03:02:00.000","false","false","true","true","false","false","i518"
"IMG_201704282236","JPG","","403012","2017-04-28 22:36:00.000","false","false","true","true","false","false","i519"
"IMG_201704291749","JPG","","299449","2017-04-29 17:49:00.000","false","false","true","true","false","false","i520"
"IMG_201704301258","JPG","","265760","2017-04-30 12:58:00.000","false","false","true","true","false","false","i521"
"IMG_201705040247","JPG","","384964","2017-05-04 02:47:00.000","false","false","true","true","false","false","i522"
"IMG_201705051324","JPG","","279266","2017-05-05 13:24:00.000","false","false","true","true","false","false","i523"
"IMG_201705060306","JPG","","426570","2017-05-06 03:06:00.000","false","false","true","true","false","false","i524"
"IMG_201705070612","JPG","","295426","2017-05-07 06:12:00.000","false","false","true","true","false","false","i525"
"IMG_201705080319","JPG","","304002","2017-05-08 03:19:00.000","false","false","true","true","false","false","i526"
"IMG_201705091711","JPG","","413528","2017-05-09 17:11:00.000","false","false","true","true","false","false","i527"
"IMG_201705100511","JPG","","229617","2017-05-10 05:11:00.000","false","false","true","true","false","false","i528"
"IMG_201705112255","JPG","","375609","2017-05-11 22:55:00.000","false","false","true","true","false","false","i529"
"IMG_201705120906","JPG","","428353","2017-05-12 09:06:00.000","false","false","true","true","false","false","i530"
"IMG_201705131400","JPG","","309928","2017-05-13 14:00:00.000","false","false","true","true","false","false","i531"
"IMG_201705161458","JPG","","269205","2017-05-16 14:58:00.000","false","false","true","true","false","false","i532"
"IMG_201705170355","JPG","","280383","2017-05-17 03:55:00.000","false","false","true","true","false","false","i533"
"IMG_201705180940","JPG","","322352","2017-05-18 09:40:00.000","false","false","true","true","false","false","i534"
"IMG_201705191549","JPG","","269864","2017-05-19 15:49:00.000","false","false","true","true","false","false","i535"
"IMG_201705200542","JPG","","348028","2017-05-20 05:42:00.000","false","false","true","true","false","false","i536"
"IMG_201705231858","JPG","","296196","2017-05-23 18:58:00.000","false","false","true","true","false","false","i537"
"IMG_201705241805","JPG","","405391","2017-05-24 18:05:00.000","false","false","true","true","false","false","i538"
"IMG_201705250303","JPG","","406066","2017-05-25 03:03:00.000","false","false","true","true","false","false","i539"
"IMG_201705290710","JPG","","390430","2017-05-29 07:10:00.000","false","false","true","true","false","false","i540"
"IMG_201705301740","JPG","","413365","2017-05-30 17:40:00.000","false","false","true","true","false","false","i541"
"IMG_201706020908","JPG","","423816","2017-06-02 09:08:00.000","false","false","true","true","false","false","i542"
"IMG_201706032129","JPG","","245505","2017-06-03 21:29:00.000","false","false","true","true","false","false","i543"
"IMG_201706051800","JPG","","298631","2017-06-05 18:00:00.000","false","false","true","true","false","false","i544"
"IMG_201706061927","JPG","","237876","2017-06-06 19:27:00.000","false","false","true","true","false","false","i545"
"IMG_201706070730","JPG","","404743","2017-06-07 07:30:00.000","false","false","true","true","false","false","i546"
"IMG_201706080533","JPG","","201366","2017-06-08 05:33:00.000","false","false","true","true","false","false","i547"
"IMG_201706090151","JPG","","383868","2017-06-09 01:51:00.000","false","false","true","true","false","false","i548"
"IMG_201706100925","JPG","","222523","2017-06-10 09:25:00.000","false","false","true","true","false","false","i549"
"IMG_201706141135","JPG","","401291","2017-06-14 11:35:00.000","false","false","true","true","false","false","i550"
"IMG_201706151916","JPG","","352741","2017-06-15 19:16:00.000","false","false","true","true","false","false","i551"
"IMG_201706160222","JPG","","206652","2017-06-16 02:22:00.000","false","false","true","true","false","false","i552"
"IMG_201706170116","JPG","","332058","2017-06-17 01:16:00.000","false","false","true","true","false","false","i553"
"IMG_201706180526","JPG","","220081","2017-06-18 05:26:00.000","false","false","true","true","false","false","i554"
"IMG_201706191438","JPG","","309948","2017-06-19 14:38:00.000","false","false","true","true","false","false","i555"
"IMG_201706201328","JPG","","289423","2017-06-20 13:28:00.000","false","false","true","true","false","false","i556"
"IMG_201706210451","JPG","","234228","2017-06-21 04:51:00.000","false","false","true","true","false","false","i557"
"IMG_201706221705","JPG","","353404","2017-06-22 17:05:00.000","false","false","true","true","false","false","i558"
"IMG_201706232133","JPG","","408287","2017-06-23 21:33:00.000","false","false","true","true","false","false","i559"
"IMG_201706261012","JPG","","371371","2017-06-26 10:12:00.000","false","false","true","true","false","false","i560"
"IMG_201706271523","JPG","","286052","2017-06-27 15:23:00.000","false","false","true","true","false","false","i561"
"IMG_201706291502","JPG","","250061","2017-06-29 15:02:00.000","false","false","true","true","false","false","i562"
"IMG_201707022105","JPG","","336034","2017-07-02 21:05:00.000","false","false","true","true","false","false","i563"
"IMG_201707030140","JPG","","212469","2017-07-03 01:40:00.000","false","false","true","true","false","false","i564"
"IMG_201707071148","JPG","","224615","2017-07-07 11:48:00.000","false","false","true","true","false","false","i565"
"IMG_201707082104","JPG","","205075","2017-07-08 21:04:00.000","false","false","true","true","false","false","i566"
"IMG_201707110110","JPG","","214969","2017-07-11 01:10:00.000","false","false","true","true","false","false","i567"
"IMG_201707141528","JPG","","399529","2017-07-14 15:28:00.000","false","false","true","true","false","false","i568"
"IMG_201707161552","JPG","","387334","2017-07-16 15:52:00.000","false","false","true","true","false","false","i569"
"IMG_201707170543","JPG","","320377","2017-07-17 05:43:00.000","false","false","true","true","false","false","i570"
"IMG_201707190930","JPG","","392236","2017-07-19 09:30:00.000","false","false","true","true","false","false","i571"
"IMG_201707190218","JPG","","358800","2017-07-19 02:18:00.000","false","false","true","true","false","false","i572"
"IMG_201707222239","JPG","","341931","2017-07-22 22:39:00.000","false","false","true","true","false","false","i573"
"IMG_201707251751","JPG","","200591","2017-07-25 17:51:00.000","false","false","true","true","false","false","i574"
"IMG_201707260907","JPG","","343945","2017-07-26 09:07:00.000","false","false","true","true","false","false","i575"
"IMG_201707300348","JPG","","326898","2017-07-30 03:48:00.000","false","false","true","true","false","false","i576"
"IMG_201707311140","JPG","","353063","2017-07-31 11:40:00.000","false","false","true","true","false","false","i577"
"IMG_201708011200","JPG","","239950","2017-08-01 12:00:00.000","false","false","true","true","false","false","i578"
"IMG_201708051825","JPG","","295421","2017-08-05 18:25:00.000","false","false","true","true","false","false","i579"
"IMG_201708061920","JPG","","248192","2017-08-06 19:20:00.000","false","false","true","true","false","false","i580"
"IMG_201708071652","JPG","","320731","2017-08-07 16:52:00.000","false","false","true","true","false","false","i581"
"IMG_201708081636","JPG","","373284","2017-08-08 16:36:00.000","false","false","true","true","false","false","i582"
"IMG_201708092010","JPG","","275594","2017-08-09 20:10:00.000","false","false","true","true","false","false","i583"
"IMG_201708100139","JPG","","325302","2017-08-10 01:39:00.000","false","false","true","true","false","false","i584"
"IMG_201708111020","JPG","","357977","2017-08-11 10:20:00.000","false","false","true","true","false","false","i585"
"IMG_201708142049","JPG","","385268","2017-08-14 20:49:00.000","false","false","true","true","false","false","i586"
"IMG_201708140739","JPG","","268403","2017-08-14 07:39:00.000","false","false","true","true","false","false","i587"
"IMG_201708171438","JPG","","217596","2017-08-17 14:38:00.000","false","false","true","true","false","false","i588"
"IMG_201708181440","JPG","","234935","2017-08-18 14:40:00.000","false","false","true","true","false","false","i589"
"IMG_201708201919","JPG","","415308","2017-08-20 19:19:00.000","false","false","true","true","false","false","i590"
"IMG_201708231159","JPG","","308206","2017-08-23 11:59:00.000","false","false","true","true","false","false","i591"
"IMG_201708232346","JPG","","362585","2017-08-23 23:46:00.000","false","false","true","true","false","false","i592"
"IMG_201708271419","JPG","","428871","2017-08-27 14:19:00.000","false","false","true","true","false","false","i593"
