"201501","xslx","/monly","1464","2015-01-01 00:00:00.000","false","false","true","true","true","true","o1"
"201502","xslx","/monly","1307","2015-02-01 00:00:00.000","false","false","true","true","true","false","o2"
"201503","xslx","/monly","689","2015-03-01 00:00:00.000","false","false","true","true","true","false","o3"
"201504","xslx","/monly","567","2015-04-01 00:00:00.000","false","false","true","true","true","false","o4"
"201505","xslx","/monly","1073","2015-05-01 00:00:00.000","false","false","true","true","true","false","o5"
"201506","xslx","/monly","577","2015-06-01 00:00:00.000","false","false","true","true","true","false","o6"
"201507","xslx","/monly","1231","2015-07-01 00:00:00.000","false","false","true","true","true","false","o7"
"201508","xslx","/monly","740","2015-08-01 00:00:00.000","false","false","true","true","true","false","o8"
"201509","xslx","/monly","631","2015-09-01 00:00:00.000","false","false","true","true","true","false","o9"
"201510","xslx","/monly","502","2015-10-01 00:00:00.000","false","false","true","true","true","false","o10"
"201511","xslx","/monly","1271","2015-11-01 00:00:00.000","false","false","true","true","true","false","o11"
"201512","xslx","/monly","16","2015-12-01 00:00:00.000","false","false","true","true","true","false","o12"
"201601","xslx","/monly","849","2016-01-01 00:00:00.000","false","false","true","true","true","false","o13"
"201602","xslx","/monly","1799","2016-02-01 00:00:00.000","false","false","true","true","true","false","o14"
"201603","xslx","/monly","768","2016-03-01 00:00:00.000","false","false","true","true","true","false","o15"
"201604","xslx","/monly","1347","2016-04-01 00:00:00.000","false","false","true","true","true","false","o16"
"201605","xslx","/monly","1096","2016-05-01 00:00:00.000","false","false","true","true","true","false","o17"
"201606","xslx","/monly","801","2016-06-01 00:00:00.000","false","false","true","true","true","false","o18"
"201607","xslx","/monly","478","2016-07-01 00:00:00.000","false","false","true","true","true","false","o19"
"201608","xslx","/monly","1337","2016-08-01 00:00:00.000","false","false","true","true","true","false","o20"
"201609","xslx","/monly","846","2016-09-01 00:00:00.000","false","false","true","true","true","false","o21"
"201610","xslx","/monly","114","2016-10-01 00:00:00.000","false","false","true","true","true","false","o22"
"201611","xslx","/monly","309","2016-11-01 00:00:00.000","false","false","true","true","true","false","o23"
"201612","xslx","/monly","992","2016-12-01 00:00:00.000","false","false","true","true","true","false","o24"
"201701","xslx","/monly","565","2017-01-01 00:00:00.000","false","false","true","true","true","false","o25"
"201702","xslx","/monly","1591","2017-02-01 00:00:00.000","false","false","true","true","true","false","o26"
"201703","xslx","/monly","899","2017-03-01 00:00:00.000","false","false","true","true","true","false","o27"
"201704","xslx","/monly","998","2017-04-01 00:00:00.000","false","false","true","true","true","false","o28"
"201705","xslx","/monly","855","2017-05-01 00:00:00.000","false","false","true","true","true","false","o29"
"201706","xslx","/monly","792","2017-06-01 00:00:00.000","false","false","true","true","true","true","o30"
"201707","xslx","/monly","1531","2017-07-01 00:00:00.000","false","false","true","true","false","true","o31"
"201708","xslx","/monly","1301","2017-08-01 00:00:00.000","false","false","true","true","false","false","o32"
"201709","xslx","/monly","1212","2017-09-01 00:00:00.000","false","false","true","true","false","false","o33"
"201710","xslx","/monly","748","2017-10-01 00:00:00.000","false","false","true","true","false","false","o34"
"201711","xslx","/monly","1380","2017-11-01 00:00:00.000","false","false","true","true","false","false","o35"
"201712","xslx","/monly","747","2017-12-01 00:00:00.000","false","false","true","true","false","false","o36"
"201701010626","xslx","/daily","18","2017-01-01 00:00:00.000","false","false","true","true","true","false","o37"
"201701031200","xslx","/daily","510","2017-01-03 00:00:00.000","false","false","true","true","true","false","o38"
"201701040718","xslx","/daily","728","2017-01-04 00:00:00.000","false","false","true","true","true","false","o39"
"201701050357","xslx","/daily","1199","2017-01-05 00:00:00.000","false","false","true","true","true","false","o40"
"201701060256","xslx","/daily","737","2017-01-06 00:00:00.000","false","false","true","true","true","false","o41"
"201701071811","xslx","/daily","268","2017-01-07 00:00:00.000","false","false","true","true","true","false","o42"
"201701081327","xslx","/daily","1176","2017-01-08 00:00:00.000","false","false","true","true","true","false","o43"
"201701090758","xslx","/daily","1294","2017-01-09 00:00:00.000","false","false","true","true","true","false","o44"
"201701121938","xslx","/daily","946","2017-01-12 00:00:00.000","false","false","true","true","true","false","o45"
"201701151445","xslx","/daily","1118","2017-01-15 00:00:00.000","false","false","true","true","true","false","o46"
"201701171505","xslx","/daily","937","2017-01-17 00:00:00.000","false","false","true","true","true","false","o47"
"201701181152","xslx","/daily","1772","2017-01-18 00:00:00.000","false","false","true","true","true","false","o48"
"201701210902","xslx","/daily","1410","2017-01-21 00:00:00.000","false","false","true","true","true","false","o49"
"201701220344","xslx","/daily","1098","2017-01-22 00:00:00.000","false","false","true","true","true","false","o50"
"201701231324","xslx","/daily","774","2017-01-23 00:00:00.000","false","false","true","true","true","false","o51"
"201701271502","xslx","/daily","899","2017-01-27 00:00:00.000","false","false","true","true","true","false","o52"
"201701271532","xslx","/daily","1197","2017-01-27 00:00:00.000","false","false","true","true","true","false","o53"
"201701281404","xslx","/daily","1008","2017-01-28 00:00:00.000","false","false","true","true","true","false","o54"
"201701311343","xslx","/daily","1129","2017-01-31 00:00:00.000","false","false","true","true","true","false","o55"
"201702040311","xslx","/daily","1112","2017-02-04 00:00:00.000","false","false","true","true","true","false","o56"
"201702060325","xslx","/daily","1298","2017-02-06 00:00:00.000","false","false","true","true","true","false","o57"
"201702071501","xslx","/daily","1508","2017-02-07 00:00:00.000","false","false","true","true","true","false","o58"
"201702111831","xslx","/daily","1503","2017-02-11 00:00:00.000","false","false","true","true","true","false","o59"
"201702130153","xslx","/daily","816","2017-02-13 00:00:00.000","false","false","true","true","true","false","o60"
"201702140523","xslx","/daily","1554","2017-02-14 00:00:00.000","false","false","true","true","true","false","o61"
"201702180322","xslx","/daily","154","2017-02-18 00:00:00.000","false","false","true","true","true","false","o62"
"201702190758","xslx","/daily","1199","2017-02-19 00:00:00.000","false","false","true","true","true","false","o63"
"201702200343","xslx","/daily","1666","2017-02-20 00:00:00.000","false","false","true","true","true","false","o64"
"201702212312","xslx","/daily","1324","2017-02-21 00:00:00.000","false","false","true","true","true","false","o65"
"201702220238","xslx","/daily","143","2017-02-22 00:00:00.000","false","false","true","true","true","false","o66"
"201702241528","xslx","/daily","1114","2017-02-24 00:00:00.000","false","false","true","true","true","false","o67"
"201702251802","xslx","/daily","1231","2017-02-25 00:00:00.000","false","false","true","true","true","false","o68"
"201702261706","xslx","/daily","792","2017-02-26 00:00:00.000","false","false","true","true","true","false","o69"
"201702271025","xslx","/daily","363","2017-02-27 00:00:00.000","false","false","true","true","true","false","o70"
"201703032137","xslx","/daily","1404","2017-03-03 00:00:00.000","false","false","true","true","true","false","o71"
"201703060321","xslx","/daily","1411","2017-03-06 00:00:00.000","false","false","true","true","true","false","o72"
"201703071629","xslx","/daily","867","2017-03-07 00:00:00.000","false","false","true","true","true","false","o73"
"201703080730","xslx","/daily","679","2017-03-08 00:00:00.000","false","false","true","true","true","false","o74"
"201703090741","xslx","/daily","1260","2017-03-09 00:00:00.000","false","false","true","true","true","false","o75"
"201703101858","xslx","/daily","1199","2017-03-10 00:00:00.000","false","false","true","true","true","false","o76"
"201703110702","xslx","/daily","1354","2017-03-11 00:00:00.000","false","false","true","true","true","false","o77"
"201703120628","xslx","/daily","404","2017-03-12 00:00:00.000","false","false","true","true","true","false","o78"
"201703132041","xslx","/daily","1622","2017-03-13 00:00:00.000","false","false","true","true","true","false","o79"
"201703141014","xslx","/daily","715","2017-03-14 00:00:00.000","false","false","true","true","true","false","o80"
"201703141517","xslx","/daily","1551","2017-03-14 00:00:00.000","false","false","true","true","true","false","o81"
"201703152032","xslx","/daily","709","2017-03-15 00:00:00.000","false","false","true","true","true","false","o82"
"201703161045","xslx","/daily","534","2017-03-16 00:00:00.000","false","false","true","true","true","false","o83"
"201703162051","xslx","/daily","1518","2017-03-16 00:00:00.000","false","false","true","true","true","false","o84"
"201703181911","xslx","/daily","1455","2017-03-18 00:00:00.000","false","false","true","true","true","false","o85"
"201703191209","xslx","/daily","628","2017-03-19 00:00:00.000","false","false","true","true","true","false","o86"
"201703202219","xslx","/daily","890","2017-03-20 00:00:00.000","false","false","true","true","true","false","o87"
"201703211137","xslx","/daily","953","2017-03-21 00:00:00.000","false","false","true","true","true","false","o88"
"201703221452","xslx","/daily","806","2017-03-22 00:00:00.000","false","false","true","true","true","false","o89"
"201703251607","xslx","/daily","539","2017-03-25 00:00:00.000","false","false","true","true","true","false","o90"
"201703251103","xslx","/daily","1283","2017-03-25 00:00:00.000","false","false","true","true","true","false","o91"
"201703260611","xslx","/daily","917","2017-03-26 00:00:00.000","false","false","true","true","true","false","o92"
"201703261510","xslx","/daily","327","2017-03-26 00:00:00.000","false","false","true","true","true","false","o93"
"201703281448","xslx","/daily","1490","2017-03-28 00:00:00.000","false","false","true","true","true","false","o94"
"201703291600","xslx","/daily","1339","2017-03-29 00:00:00.000","false","false","true","true","true","false","o95"
"201703300653","xslx","/daily","499","2017-03-30 00:00:00.000","false","false","true","true","true","false","o96"
"201703311227","xslx","/daily","500","2017-03-31 00:00:00.000","false","false","true","true","true","false","o97"
"201704031835","xslx","/daily","734","2017-04-03 00:00:00.000","false","false","true","true","true","false","o98"
"201704061118","xslx","/daily","1309","2017-04-06 00:00:00.000","false","false","true","true","true","false","o99"
"201704060101","xslx","/daily","610","2017-04-06 00:00:00.000","false","false","true","true","true","false","o100"
"201704081649","xslx","/daily","120","2017-04-08 00:00:00.000","false","false","true","true","true","false","o101"
"201704120226","xslx","/daily","978","2017-04-12 00:00:00.000","false","false","true","true","true","false","o102"
"201704131837","xslx","/daily","1688","2017-04-13 00:00:00.000","false","false","true","true","true","false","o103"
"201704161719","xslx","/daily","884","2017-04-16 00:00:00.000","false","false","true","true","true","false","o104"
"201704171815","xslx","/daily","1114","2017-04-17 00:00:00.000","false","false","true","true","true","false","o105"
"201704181233","xslx","/daily","1433","2017-04-18 00:00:00.000","false","false","true","true","true","false","o106"
"201704190312","xslx","/daily","873","2017-04-19 00:00:00.000","false","false","true","true","true","false","o107"
"201704190858","xslx","/daily","1795","2017-04-19 00:00:00.000","false","false","true","true","true","false","o108"
"201704220121","xslx","/daily","731","2017-04-22 00:00:00.000","false","false","true","true","true","false","o109"
"201704241137","xslx","/daily","789","2017-04-24 00:00:00.000","false","false","true","true","true","false","o110"
"201704270302","xslx","/daily","1621","2017-04-27 00:00:00.000","false","false","true","true","true","false","o111"
"201704282236","xslx","/daily","948","2017-04-28 00:00:00.000","false","false","true","true","true","false","o112"
"201704291749","xslx","/daily","1071","2017-04-29 00:00:00.000","false","false","true","true","true","false","o113"
"201704301258","xslx","/daily","1283","2017-04-30 00:00:00.000","false","false","true","true","true","false","o114"
"201705040247","xslx","/daily","1041","2017-05-04 00:00:00.000","false","false","true","true","true","false","o115"
"201705051324","xslx","/daily","274","2017-05-05 00:00:00.000","false","false","true","true","true","false","o116"
"201705060306","xslx","/daily","569","2017-05-06 00:00:00.000","false","false","true","true","true","false","o117"
"201705070612","xslx","/daily","751","2017-05-07 00:00:00.000","false","false","true","true","true","false","o118"
"201705080319","xslx","/daily","1050","2017-05-08 00:00:00.000","false","false","true","true","true","false","o119"
"201705091711","xslx","/daily","912","2017-05-09 00:00:00.000","false","false","true","true","true","false","o120"
"201705100511","xslx","/daily","839","2017-05-10 00:00:00.000","false","false","true","true","true","false","o121"
"201705112255","xslx","/daily","491","2017-05-11 00:00:00.000","false","false","true","true","true","false","o122"
"201705120906","xslx","/daily","609","2017-05-12 00:00:00.000","false","false","true","true","true","false","o123"
"201705131400","xslx","/daily","1307","2017-05-13 00:00:00.000","false","false","true","true","true","false","o124"
"201705161458","xslx","/daily","1320","2017-05-16 00:00:00.000","false","false","true","true","true","false","o125"
"201705170355","xslx","/daily","609","2017-05-17 00:00:00.000","false","false","true","true","true","false","o126"
"201705180940","xslx","/daily","1389","2017-05-18 00:00:00.000","false","false","true","true","true","false","o127"
"201705191549","xslx","/daily","1762","2017-05-19 00:00:00.000","false","false","true","true","true","false","o128"
"201705200542","xslx","/daily","1574","2017-05-20 00:00:00.000","false","false","true","true","true","false","o129"
"201705231858","xslx","/daily","803","2017-05-23 00:00:00.000","false","false","true","true","true","false","o130"
"201705241805","xslx","/daily","1671","2017-05-24 00:00:00.000","false","false","true","true","true","false","o131"
"201705250303","xslx","/daily","671","2017-05-25 00:00:00.000","false","false","true","true","true","false","o132"
"201705290710","xslx","/daily","760","2017-05-29 00:00:00.000","false","false","true","true","true","false","o133"
"201705301740","xslx","/daily","636","2017-05-30 00:00:00.000","false","false","true","true","true","false","o134"
"201706020908","xslx","/daily","1480","2017-06-02 00:00:00.000","false","false","true","true","true","false","o135"
"201706032129","xslx","/daily","757","2017-06-03 00:00:00.000","false","false","true","true","true","false","o136"
"201706051800","xslx","/daily","605","2017-06-05 00:00:00.000","false","false","true","true","true","false","o137"
"201706061927","xslx","/daily","1463","2017-06-06 00:00:00.000","false","false","true","true","true","false","o138"
"201706070730","xslx","/daily","1125","2017-06-07 00:00:00.000","false","false","true","true","true","false","o139"
"201706080533","xslx","/daily","291","2017-06-08 00:00:00.000","false","false","true","true","true","false","o140"
"201706090151","xslx","/daily","149","2017-06-09 00:00:00.000","false","false","true","true","true","false","o141"
"201706100925","xslx","/daily","160","2017-06-10 00:00:00.000","false","false","true","true","true","false","o142"
"201706141135","xslx","/daily","1520","2017-06-14 00:00:00.000","false","false","true","true","true","false","o143"
"201706151916","xslx","/daily","849","2017-06-15 00:00:00.000","false","false","true","true","true","false","o144"
"201706160222","xslx","/daily","992","2017-06-16 00:00:00.000","false","false","true","true","true","false","o145"
"201706170116","xslx","/daily","1291","2017-06-17 00:00:00.000","false","false","true","true","true","false","o146"
"201706180526","xslx","/daily","1546","2017-06-18 00:00:00.000","false","false","true","true","true","false","o147"
"201706191438","xslx","/daily","965","2017-06-19 00:00:00.000","false","false","true","true","true","false","o148"
"201706201328","xslx","/daily","591","2017-06-20 00:00:00.000","false","false","true","true","true","false","o149"
"201706210451","xslx","/daily","709","2017-06-21 00:00:00.000","false","false","true","true","true","false","o150"
"201706221705","xslx","/daily","988","2017-06-22 00:00:00.000","false","false","true","true","true","false","o151"
"201706232133","xslx","/daily","871","2017-06-23 00:00:00.000","false","false","true","true","true","false","o152"
"201706261012","xslx","/daily","1062","2017-06-26 00:00:00.000","false","false","true","true","true","false","o153"
"201706271523","xslx","/daily","336","2017-06-27 00:00:00.000","false","false","true","true","true","false","o154"
"201706291502","xslx","/daily","707","2017-06-29 00:00:00.000","false","false","true","true","true","true","o155"
"201707022105","xslx","/daily","79","2017-07-02 00:00:00.000","false","false","true","true","false","true","o156"
"201707030140","xslx","/daily","919","2017-07-03 00:00:00.000","false","false","true","true","false","false","o157"
"201707071148","xslx","/daily","515","2017-07-07 00:00:00.000","false","false","true","true","false","false","o158"
"201707082104","xslx","/daily","1749","2017-07-08 00:00:00.000","false","false","true","true","false","false","o159"
"201707110110","xslx","/daily","131","2017-07-11 00:00:00.000","false","false","true","true","false","false","o160"
"201707141528","xslx","/daily","714","2017-07-14 00:00:00.000","false","false","true","true","false","false","o161"
"201707161552","xslx","/daily","881","2017-07-16 00:00:00.000","false","false","true","true","false","false","o162"
"201707170543","xslx","/daily","30","2017-07-17 00:00:00.000","false","false","true","true","false","false","o163"
"201707190930","xslx","/daily","130","2017-07-19 00:00:00.000","false","false","true","true","false","false","o164"
"201707190218","xslx","/daily","844","2017-07-19 00:00:00.000","false","false","true","true","false","false","o165"
"201707222239","xslx","/daily","853","2017-07-22 00:00:00.000","false","false","true","true","false","false","o166"
"201707251751","xslx","/daily","673","2017-07-25 00:00:00.000","false","false","true","true","false","false","o167"
"201707260907","xslx","/daily","1556","2017-07-26 00:00:00.000","false","false","true","true","false","false","o168"
"201707300348","xslx","/daily","606","2017-07-30 00:00:00.000","false","false","true","true","false","false","o169"
"201707311140","xslx","/daily","1041","2017-07-31 00:00:00.000","false","false","true","true","false","false","o170"
"201708011200","xslx","/daily","1134","2017-08-01 00:00:00.000","false","false","true","true","false","false","o171"
"201708051825","xslx","/daily","1043","2017-08-05 00:00:00.000","false","false","true","true","false","false","o172"
"201708061920","xslx","/daily","1051","2017-08-06 00:00:00.000","false","false","true","true","false","false","o173"
"201708071652","xslx","/daily","931","2017-08-07 00:00:00.000","false","false","true","true","false","false","o174"
"201708081636","xslx","/daily","1098","2017-08-08 00:00:00.000","false","false","true","true","false","false","o175"
"201708092010","xslx","/daily","1332","2017-08-09 00:00:00.000","false","false","true","true","false","false","o176"
"201708100139","xslx","/daily","332","2017-08-10 00:00:00.000","false","false","true","true","false","false","o177"
"201708111020","xslx","/daily","1068","2017-08-11 00:00:00.000","false","false","true","true","false","false","o178"
"201708142049","xslx","/daily","1127","2017-08-14 00:00:00.000","false","false","true","true","false","false","o179"
"201708140739","xslx","/daily","222","2017-08-14 00:00:00.000","false","false","true","true","false","false","o180"
"201708171438","xslx","/daily","1165","2017-08-17 00:00:00.000","false","false","true","true","false","false","o181"
"201708181440","xslx","/daily","326","2017-08-18 00:00:00.000","false","false","true","true","false","false","o182"
"201708201919","xslx","/daily","472","2017-08-20 00:00:00.000","false","false","true","true","false","true","o183"
"201708231159","xslx","/daily","1402","2017-08-23 00:00:00.000","false","false","true","true","false","false","o184"
"201708232346","xslx","/daily","261","2017-08-23 00:00:00.000","false","false","true","true","false","false","o185"
"201708271419","xslx","/daily","875","2017-08-27 00:00:00.000","false","false","true","true","false","false","o186"
