"xxx","PNG","/project1/resources/pictures","2569011","2017-08-22 14:09:33.599","false","false","true","true","false","true","i1"
"yyy","PNG","/project1/resources/pictures","3186688","2017-08-22 14:09:33.600","false","false","true","true","false","false","i2"
"preference","xml","/project1/resources/config","233","2017-08-22 14:09:33.600","false","false","true","true","false","false","i3"
"layout","xml","/project1/resources/config","990","2017-08-22 14:09:33.601","false","false","true","true","false","true","i4"
"saving-0","xml","/project1/resources/config","1024","2017-08-22 14:09:33.601","false","false","true","true","false","true","i5"
"saving-1","xml","/project1/resources/config","2991","2017-08-22 14:09:33.601","false","false","true","true","false","false","i6"
"saving-2","xml","/project1/resources/config","997","2017-08-22 14:09:33.601","false","false","true","true","false","false","i7"
"saving-3","xml","/project1/resources/config","1234","2017-08-22 14:09:33.601","false","false","true","true","false","false","i8"
"saving-4","xml","/project1/resources/config","2017","2017-08-22 14:09:33.602","false","false","true","true","false","false","i9"
"saving-5","xml","/project1/resources/config","58","2017-08-22 14:09:33.602","false","false","true","true","false","false","i10"
"saving-6","xml","/project1/resources/config","323","2017-08-22 14:09:33.602","false","false","true","true","false","true","i11"
"saving-7","xml","/project1/resources/config","18","2017-08-22 14:09:33.602","false","false","true","true","false","false","i12"
"tree","h","/project1/resources/src","1437","2017-08-22 14:09:33.602","false","false","true","true","false","false","i13"
"tree","cpp","/project1/resources/src","1821","2017-08-22 14:09:33.602","false","false","true","true","false","true","i14"
"parser","h","/project1/resources/src","775","2017-08-22 14:09:33.602","false","false","true","true","false","false","i15"
"parser","cpp","/project1/resources/src","1612","2017-08-22 14:09:33.603","false","false","true","true","false","false","i16"
"type","h","/project1/resources/src","1522","2017-08-22 14:09:33.603","false","false","true","true","false","false","i17"
"executor","h","/project1/resources/src","835","2017-08-22 14:09:33.603","false","false","true","true","false","false","i18"
"executor","cpp","/project1/resources/src","1113","2017-08-22 14:09:33.603","false","false","true","true","false","false","i19"
"Makefile","","/project1/resources/src","1466","2017-08-22 14:09:33.603","false","false","true","true","false","false","i20"
"main","cpp","/project1/resources/src","800","2017-08-22 14:09:33.603","false","false","true","true","false","false","i21"
"run","sh","/project1/resources/src","756","2017-08-22 14:09:33.603","false","true","true","true","false","true","i22"
"manifest","xml","/project2","991","2017-08-22 14:09:33.603","false","false","true","true","false","true","i23"
"attributes","xml","/project2/setting","871","2017-08-22 14:09:33.603","false","false","true","true","false","false","i24"
"config","xml","/project2/setting","40","2017-08-22 14:09:33.603","false","false","true","true","false","true","i25"
"Main","java","/project2/src/com/sissel","555","2017-08-22 14:09:33.603","false","false","true","true","false","false","i26"
"DataStub","java","/project2/src/com/sissel/data","794","2017-08-22 14:09:33.603","false","false","true","true","false","false","i27"
"HomeController","java","/project2/src/com/sissel/logic","1650","2017-08-22 14:09:33.603","false","false","true","true","false","false","i28"
"RoomController","java","/project2/src/com/sissel/logic","655","2017-08-22 14:09:33.604","false","false","true","true","false","false","i29"
"PreferenceController","java","/project2/src/com/sissel/logic","617","2017-08-22 14:09:33.604","false","false","true","true","false","false","i30"
"GameController","java","/project2/src/com/sissel/logic","1333","2017-08-22 14:09:33.604","false","false","true","true","false","false","i31"
"HomePage","java","/project2/src/com/sissel/ui","908","2017-08-22 14:09:33.604","false","false","true","true","false","false","i32"
"RoomPage","java","/project2/src/com/sissel/ui","1434","2017-08-22 14:09:33.604","false","false","true","true","false","false","i33"
"PreferencePage","java","/project2/src/com/sissel/ui","1617","2017-08-22 14:09:33.604","false","false","true","true","false","false","i34"
"GamePage","java","/project2/src/com/sissel/ui","1047","2017-08-22 14:09:33.604","false","false","true","true","false","false","i35"
"MyButton","java","/project2/src/com/sissel/ui/control","1392","2017-08-22 14:09:33.604","false","false","true","true","false","false","i36"
"MyText","java","/project2/src/com/sissel/ui/control","1376","2017-08-22 14:09:33.604","false","false","true","true","false","false","i37"
