"xxx","PNG","/project1/resources/pictures","2569011","2017-08-22 14:09:33.599","false","false","true","true","false","true","o1"
"yyy","PNG","/project1/resources/pictures","3186688","2017-08-22 14:09:33.600","false","false","true","true","false","false","o2"
"preference","xml","/project1/resources/config","233","2017-08-22 14:09:33.600","false","false","true","true","false","false","o3"
"layout","xml","/project1/resources/config","990","2017-08-22 14:09:33.601","false","false","true","true","false","true","o4"
"saving-0","txt","/project1/resources/config","1024","2017-08-22 14:09:33.601","false","false","true","true","false","true","o5"
"saving-1","txt","/project1/resources/config","2991","2017-08-22 14:09:33.601","false","false","true","true","false","false","o6"
"saving-2","txt","/project1/resources/config","997","2017-08-22 14:09:33.601","false","false","true","true","false","false","o7"
"saving-3","txt","/project1/resources/config","1234","2017-08-22 14:09:33.601","false","false","true","true","false","false","o8"
"saving-4","txt","/project1/resources/config","2017","2017-08-22 14:09:33.602","false","false","true","true","false","false","o9"
"saving-5","xml","/project1/resources/config","58","2017-08-22 14:09:33.602","false","false","true","true","false","false","o10"
"saving-6","xml","/project1/resources/config","323","2017-08-22 14:09:33.602","false","false","true","true","false","true","o11"
"saving-7","xml","/project1/resources/config","18","2017-08-22 14:09:33.602","false","false","true","true","false","false","o12"
"tree","h","/project1/resources/src","1437","2017-08-22 14:09:33.602","false","false","true","true","false","false","o13"
"tree","cpp","/project1/resources/src","1821","2017-08-22 14:09:33.602","false","false","true","true","false","true","o14"
"parser","h","/project1/resources/src","775","2017-08-22 14:09:33.602","false","false","true","true","false","false","o15"
"parser","cpp","/project1/resources/src","1612","2017-08-22 14:09:33.603","false","false","true","true","false","false","o16"
"type","h","/project1/resources/src","1522","2017-08-22 14:09:33.603","false","false","true","true","false","false","o17"
"executor","h","/project1/resources/src","835","2017-08-22 14:09:33.603","false","false","true","true","false","false","o18"
"executor","cpp","/project1/resources/src","1113","2017-08-22 14:09:33.603","false","false","true","true","false","false","o19"
"Makefile","","/project1/resources/src","1466","2017-08-22 14:09:33.603","false","false","true","true","false","false","o20"
"main","cpp","/project1/resources/src","800","2017-08-22 14:09:33.603","false","false","true","true","false","false","o21"
"run","sh","/project1/resources/src","756","2017-08-22 14:09:33.603","false","true","true","true","false","true","o22"
"manifest","txt","/project2","991","2017-08-22 14:09:33.603","false","false","true","true","false","true","o23"
"attributes","xml","/project2/setting","871","2017-08-22 14:09:33.603","false","false","true","true","false","false","o24"
"config","xml","/project2/setting","40","2017-08-22 14:09:33.603","false","false","true","true","false","true","o25"
"Main","java","/project2/src/com/sissel","555","2017-08-22 14:09:33.603","false","false","true","true","false","false","o26"
"DataStub","java","/project2/src/com/sissel/data","794","2017-08-22 14:09:33.603","false","false","true","true","false","false","o27"
"HomeController","java","/project2/src/com/sissel/logic","1650","2017-08-22 14:09:33.603","false","false","true","true","false","false","o28"
"RoomController","java","/project2/src/com/sissel/logic","655","2017-08-22 14:09:33.604","false","false","true","true","false","false","o29"
"PreferenceController","java","/project2/src/com/sissel/logic","617","2017-08-22 14:09:33.604","false","false","true","true","false","false","o30"
"GameController","java","/project2/src/com/sissel/logic","1333","2017-08-22 14:09:33.604","false","false","true","true","false","false","o31"
"HomePage","java","/project2/src/com/sissel/ui","908","2017-08-22 14:09:33.604","false","false","true","true","false","false","o32"
"RoomPage","java","/project2/src/com/sissel/ui","1434","2017-08-22 14:09:33.604","false","false","true","true","false","false","o33"
"PreferencePage","java","/project2/src/com/sissel/ui","1617","2017-08-22 14:09:33.604","false","false","true","true","false","false","o34"
"GamePage","java","/project2/src/com/sissel/ui","1047","2017-08-22 14:09:33.604","false","false","true","true","false","false","o35"
"MyButton","java","/project2/src/com/sissel/ui/control","1392","2017-08-22 14:09:33.604","false","false","true","true","false","false","o36"
"MyText","java","/project2/src/com/sissel/ui/control","1376","2017-08-22 14:09:33.604","false","false","true","true","false","false","o37"
