"notes","txt","/temp","881","2017-08-22 13:13:35.034","false","false","true","true","false","true","i1"
"TBBT","mp4","/temp","1258","2017-08-22 13:13:35.036","false","false","true","true","false","false","i2"
"fse12_talk","pptx","/temp","1428","2017-08-22 13:13:35.036","false","false","true","true","false","true","i3"
"fse13_talk","pptx","/temp","1293","2017-08-22 13:13:35.036","false","false","true","true","false","false","i4"
"resume","zip","/temp","1789","2017-08-22 13:13:35.036","false","false","true","true","false","false","i5"
"ReadMe","txt","/temp/GRE","1590","2017-08-22 13:13:35.036","false","false","true","true","false","false","i6"
"tutorial","pdf","/temp/GRE/Writing","273","2017-08-22 13:13:35.036","false","false","true","true","false","false","i7"
"summary","docx","/temp/GRE/Writing","1861","2017-08-22 13:13:35.036","false","false","true","true","false","false","i8"
"p1-50","pdf","/temp/GRE/Verbal","1496","2017-08-22 13:13:35.036","false","false","true","true","false","false","i9"
"p51-100","pdf","/temp/GRE/Verbal","374","2017-08-22 13:13:35.036","false","false","true","true","false","false","i10"
"p101-150","pdf","/temp/GRE/Verbal","845","2017-08-22 13:13:35.036","false","false","true","true","false","false","i11"
"p151-200","pdf","/temp/GRE/Verbal","1051","2017-08-22 13:13:35.036","false","false","true","true","false","false","i12"
"p201-250","pdf","/temp/GRE/Verbal","863","2017-08-22 13:13:35.036","false","false","true","true","false","false","i13"
"p1-50","pdf","/temp/GRE/Quantitative","1105","2017-08-22 13:13:35.036","false","false","true","true","false","false","i14"
"p51-120","pdf","/temp/GRE/Quantitative","1575","2017-08-22 13:13:35.036","false","false","true","true","false","false","i15"
"Prayer","mp3","/music","1207","2016-01-01 00:00:00.000","false","false","true","true","false","true","i16"
"Sagitta luminis","mp3","/music","1810","2017-08-22 13:13:35.037","false","false","true","true","false","false","i17"
"Spirits","mp3","/music","740","2017-08-22 13:13:35.037","false","false","true","true","false","false","i18"
"She","mp3","/music","932","2017-08-22 13:13:35.037","false","false","true","true","false","false","i19"
"NO-MAN","mp3","/music","125","2017-08-22 13:13:35.037","false","false","true","true","false","false","i20"
"Changes","mp3","/music","745","2017-08-22 13:13:35.037","false","false","true","true","false","false","i21"
"Moonscape","mp3","/music","1284","2017-08-22 13:13:35.037","false","false","true","true","false","false","i22"
"what for","ogg","/music","875","2017-08-22 13:13:35.037","false","false","true","true","false","false","i23"
"Sing Along","wma","/music","301","2017-08-22 13:13:35.037","false","false","true","true","false","false","i24"
"Can't You See","m4a","/music","939","2017-08-22 13:13:35.037","false","false","true","true","false","false","i25"
"America","m4a","/music","1531","2017-08-22 13:13:35.037","false","false","true","true","false","false","i26"
"sqlite","zip","/packages","354","2017-08-22 13:13:35.037","false","false","true","true","false","false","i27"
"python","zip","/packages","1221","2017-08-22 13:13:35.037","false","false","true","true","false","false","i28"
"mysql-v6","tar","/packages","971","2017-08-22 13:13:35.037","false","false","true","true","false","false","i29"
"intellij-14","zip","/packages","1589","2017-08-22 13:13:35.037","false","false","true","true","false","false","i30"
"sublime","zip","/packages","1050","2017-08-22 13:13:35.037","false","false","true","true","false","false","i31"
"emacs","rar","/packages","477","2017-08-22 13:13:35.037","false","false","true","true","false","false","i32"
"chrome","zip","/packages","557","2017-08-22 13:13:35.038","false","false","true","true","false","true","i33"
"word","zip","/packages","486","2017-08-22 13:13:35.038","false","false","true","true","false","false","i34"
"excel","zip","/packages","20","2017-08-22 13:13:35.038","false","false","true","true","false","false","i35"
"powerpoint","zip","/packages","965","2017-08-22 13:13:35.038","false","false","true","true","false","false","i36"
"2015-12-31","zip","/backup","667","2015-12-31 00:00:00.000","false","false","true","true","false","true","i37"
"2016-01-31","zip","/backup","1453","2016-01-31 00:00:00.000","false","false","true","true","false","true","i38"
"2016-02-29","zip","/backup","1165","2017-08-22 13:13:35.038","false","false","true","true","false","false","i39"
"2016-03-31","zip","/backup","1489","2017-08-22 13:13:35.038","false","false","true","true","false","false","i40"
"2016-04-30","zip","/backup","625","2017-08-22 13:13:35.038","false","false","true","true","false","false","i41"
"2016-05-31","zip","/backup","898","2017-08-22 13:13:35.038","false","false","true","true","false","false","i42"
"2016-06-30","zip","/backup","1150","2017-08-22 13:13:35.038","false","false","true","true","false","false","i43"
"2016-07-31","zip","/backup","1558","2017-08-22 13:13:35.038","false","false","true","true","false","false","i44"
"2016-08-31","zip","/backup","355","2017-08-22 13:13:35.039","false","false","true","true","false","false","i45"
"2016-09-30","zip","/backup","599","2017-08-22 13:13:35.039","false","false","true","true","false","false","i46"
"2016-10-31","zip","/backup","630","2017-08-22 13:13:35.039","false","false","true","true","false","false","i47"
"2016-11-30","zip","/backup","525","2017-08-22 13:13:35.039","false","false","true","true","false","false","i48"
"2016-12-31","zip","/backup","878","2017-08-22 13:13:35.039","false","false","true","true","false","false","i49"
"2017-01-31","zip","/backup","844","2017-08-22 13:13:35.039","false","false","true","true","false","false","i50"
"2017-02-28","zip","/backup","1298","2017-08-22 13:13:35.039","false","false","true","true","false","false","i51"
"2017-03-31","zip","/backup","785","2017-08-22 13:13:35.039","false","false","true","true","false","false","i52"
"2017-04-30","zip","/backup","463","2017-08-22 13:13:35.039","false","false","true","true","false","false","i53"
"2017-05-31","zip","/backup","854","2017-08-22 13:13:35.039","false","false","true","true","false","false","i54"
"2017-06-30","zip","/backup","1172","2017-08-22 13:13:35.039","false","false","true","true","false","false","i55"
"2017-07-31","zip","/backup","999","2017-08-22 13:13:35.039","false","false","true","true","false","false","i56"
