"notes","txt","/temp","881","2017-08-22 13:13:35.034","false","false","true","true","false","true","o1"
"TBBT","mp4","/temp","1258","2017-08-22 13:13:35.036","false","false","true","true","false","false","o2"
"fse12_talk","pptx","/temp","1428","2017-08-22 13:13:35.036","false","false","true","true","false","true","o3"
"fse13_talk","pptx","/temp","1293","2017-08-22 13:13:35.036","false","false","true","true","false","false","o4"
"resume","tar","/temp","1789","2017-08-22 13:13:35.036","false","false","true","true","false","false","o5"
"ReadMe","txt","/temp/GRE","1590","2017-08-22 13:13:35.036","false","false","true","true","false","false","o6"
"tutorial","pdf","/temp/GRE/Writing","273","2017-08-22 13:13:35.036","false","false","true","true","false","false","o7"
"summary","docx","/temp/GRE/Writing","1861","2017-08-22 13:13:35.036","false","false","true","true","false","false","o8"
"p1-50","pdf","/temp/GRE/Verbal","1496","2017-08-22 13:13:35.036","false","false","true","true","false","false","o9"
"p51-100","pdf","/temp/GRE/Verbal","374","2017-08-22 13:13:35.036","false","false","true","true","false","false","o10"
"p101-150","pdf","/temp/GRE/Verbal","845","2017-08-22 13:13:35.036","false","false","true","true","false","false","o11"
"p151-200","pdf","/temp/GRE/Verbal","1051","2017-08-22 13:13:35.036","false","false","true","true","false","false","o12"
"p201-250","pdf","/temp/GRE/Verbal","863","2017-08-22 13:13:35.036","false","false","true","true","false","false","o13"
"p1-50","pdf","/temp/GRE/Quantitative","1105","2017-08-22 13:13:35.036","false","false","true","true","false","false","o14"
"p51-120","pdf","/temp/GRE/Quantitative","1575","2017-08-22 13:13:35.036","false","false","true","true","false","false","o15"
"Prayer","mp3","/music","1207","2016-01-01 00:00:00.000","false","false","true","true","false","true","o16"
"Sagitta luminis","mp3","/music","1810","2017-08-22 13:13:35.037","false","false","true","true","false","false","o17"
"Spirits","mp3","/music","740","2017-08-22 13:13:35.037","false","false","true","true","false","false","o18"
"She","mp3","/music","932","2017-08-22 13:13:35.037","false","false","true","true","false","false","o19"
"NO-MAN","mp3","/music","125","2017-08-22 13:13:35.037","false","false","true","true","false","false","o20"
"Changes","mp3","/music","745","2017-08-22 13:13:35.037","false","false","true","true","false","false","o21"
"Moonscape","mp3","/music","1284","2017-08-22 13:13:35.037","false","false","true","true","false","false","o22"
"what for","ogg","/music","875","2017-08-22 13:13:35.037","false","false","true","true","false","false","o23"
"Sing Along","wma","/music","301","2017-08-22 13:13:35.037","false","false","true","true","false","false","o24"
"Can't You See","m4a","/music","939","2017-08-22 13:13:35.037","false","false","true","true","false","false","o25"
"America","m4a","/music","1531","2017-08-22 13:13:35.037","false","false","true","true","false","false","o26"
"sqlite","tar","/packages","354","2017-08-22 13:13:35.037","false","false","true","true","false","false","o27"
"python","tar","/packages","1221","2017-08-22 13:13:35.037","false","false","true","true","false","false","o28"
"mysql-v6","tar","/packages","971","2017-08-22 13:13:35.037","false","false","true","true","false","false","o29"
"intellij-14","tar","/packages","1589","2017-08-22 13:13:35.037","false","false","true","true","false","false","o30"
"sublime","tar","/packages","1050","2017-08-22 13:13:35.037","false","false","true","true","false","false","o31"
"emacs","rar","/packages","477","2017-08-22 13:13:35.037","false","false","true","true","false","false","o32"
"chrome","tar","/packages","557","2017-08-22 13:13:35.038","false","false","true","true","false","true","o33"
"word","tar","/packages","486","2017-08-22 13:13:35.038","false","false","true","true","false","false","o34"
"excel","tar","/packages","20","2017-08-22 13:13:35.038","false","false","true","true","false","false","o35"
"powerpoint","tar","/packages","965","2017-08-22 13:13:35.038","false","false","true","true","false","false","o36"
"2015-12-31","tar","/backup","667","2015-12-31 00:00:00.000","false","false","true","true","false","true","o37"
"2016-01-31","tar","/backup","1453","2016-01-31 00:00:00.000","false","false","true","true","false","true","o38"
"2016-02-29","tar","/backup","1165","2017-08-22 13:13:35.038","false","false","true","true","false","false","o39"
"2016-03-31","tar","/backup","1489","2017-08-22 13:13:35.038","false","false","true","true","false","false","o40"
"2016-04-30","tar","/backup","625","2017-08-22 13:13:35.038","false","false","true","true","false","false","o41"
"2016-05-31","tar","/backup","898","2017-08-22 13:13:35.038","false","false","true","true","false","false","o42"
"2016-06-30","tar","/backup","1150","2017-08-22 13:13:35.038","false","false","true","true","false","false","o43"
"2016-07-31","tar","/backup","1558","2017-08-22 13:13:35.038","false","false","true","true","false","false","o44"
"2016-08-31","tar","/backup","355","2017-08-22 13:13:35.039","false","false","true","true","false","false","o45"
"2016-09-30","tar","/backup","599","2017-08-22 13:13:35.039","false","false","true","true","false","false","o46"
"2016-10-31","tar","/backup","630","2017-08-22 13:13:35.039","false","false","true","true","false","false","o47"
"2016-11-30","tar","/backup","525","2017-08-22 13:13:35.039","false","false","true","true","false","false","o48"
"2016-12-31","tar","/backup","878","2017-08-22 13:13:35.039","false","false","true","true","false","false","o49"
"2017-01-31","tar","/backup","844","2017-08-22 13:13:35.039","false","false","true","true","false","false","o50"
"2017-02-28","tar","/backup","1298","2017-08-22 13:13:35.039","false","false","true","true","false","false","o51"
"2017-03-31","tar","/backup","785","2017-08-22 13:13:35.039","false","false","true","true","false","false","o52"
"2017-04-30","tar","/backup","463","2017-08-22 13:13:35.039","false","false","true","true","false","false","o53"
"2017-05-31","tar","/backup","854","2017-08-22 13:13:35.039","false","false","true","true","false","false","o54"
"2017-06-30","tar","/backup","1172","2017-08-22 13:13:35.039","false","false","true","true","false","false","o55"
"2017-07-31","tar","/backup","999","2017-08-22 13:13:35.039","false","false","true","true","false","false","o56"
